<?xml version="1.0" ?>
<nodes>
    <node id="25" name="描述" icon="book" doctype="描述类" format="html" url="nodes/描述.html">
        <node id="26" name="产品描述（Logging）" icon="book" doctype="描述类" format="html" url="nodes/产品描述（Logging）.html">
            <node id="27" name="产品定位与特点" icon="book" format="html" doctype="描述类"
                url="产品描述（Logging）\topics\产品定位与特点.html">
                <node id="28" name="产品背景" icon="book" format="html" doctype="描述类"
                    url="产品描述（Logging）\topics\产品背景.html" />
                <node id="29" name="产品定位" icon="book" format="html" doctype="描述类"
                    url="产品描述（Logging）\topics\产品定位.html" />
                <node id="30" name="产品特点" icon="book" format="html" doctype="描述类"
                    url="产品描述（Logging）\topics\产品特点.html" />
            </node>
            <node id="31" name="产品结构" icon="book" format="html" doctype="描述类" url="产品描述（Logging）\topics\产品结构.html">
                <node id="32" name="系统原理" icon="book" format="html" doctype="描述类"
                    url="产品描述（Logging）\topics\系统原理.html" />
                <node id="33" name="系统架构" icon="book" format="html" doctype="描述类"
                    url="产品描述（Logging）\topics\系统架构.html" />
                <node id="34" name="硬件结构" icon="book" format="html" doctype="描述类"
                    url="产品描述（Logging）\topics\硬件结构.html" />
                <node id="35" name="虚拟化架构" icon="book" format="html" doctype="描述类"
                    url="产品描述（Logging）\topics\虚拟化架构.html" />
            </node>
            <node id="36" name="功能与业务" icon="book" format="html" doctype="描述类"
                url="产品描述（Logging）\topics\业务与功能.html">
                <node id="37" name="IPDR查询" icon="book" format="html" doctype="描述类"
                    url="产品描述（Logging）\topics\IPDR查询.html" />
                <node id="38" name="Logging查询" icon="book" bkmk="Logging查询-377EE404" format="html" doctype="描述类"
                    url="产品描述（Logging）\topics\Logging查询.html" />
                <node id="41" name="Logging报表查询" icon="book" format="html" doctype="描述类"
                    url="产品描述（Logging）\topics\Logging报表查询.html" />
                <node id="42" name="SFTP/FTP接口" icon="book" format="html" doctype="描述类"
                    url="产品描述（Logging）\topics\SFTPFTP接口.html" />
                <node id="43" name="管理功能" icon="book" format="html" doctype="描述类"
                    url="产品描述（Logging）\topics\管理功能.html">
                    <node id="44" name="安全管理" icon="book" format="html" doctype="描述类"
                        url="产品描述（Logging）\topics\安全管理.html" />
                    <node id="45" name="日志管理" icon="book" format="html" doctype="描述类"
                        url="产品描述（Logging）\topics\日志管理.html" />
                    <node id="46" name="配置管理" icon="book" format="html" doctype="描述类"
                        url="产品描述（Logging）\topics\配置管理.html" />
                    <node id="47" name="告警管理" icon="book" format="html" doctype="描述类"
                        url="产品描述（Logging）\topics\告警管理.html" />
                </node>
            </node>
            <node id="48" name="组网应用" icon="book" format="html" doctype="描述类" url="产品描述（Logging）\topics\应用组网.html">
                <node id="49" name="组网方案" icon="book" format="html" doctype="描述类"
                    url="产品描述（Logging）\topics\组网方案.html" />
            </node>
            <node id="50" name="技术指标" icon="book" format="html" doctype="描述类" url="产品描述（Logging）\topics\技术指标.html">
                <node id="51" name="物理指标" icon="book" format="html" doctype="描述类"
                    url="产品描述（Logging）\topics\物理指标.html" />
                <node id="52" name="性能指标" icon="book" format="html" doctype="描述类"
                    url="产品描述（Logging）\topics\性能指标.html" />
                <node id="53" name="可靠性指标" icon="book" format="html" doctype="描述类"
                    url="产品描述（Logging）\topics\可靠性指标.html" />
            </node>
            <node id="54" name="环境要求" icon="book" format="html" doctype="描述类" url="产品描述（Logging）\topics\环境要求.html">
                <node id="55" name="电源要求" icon="book" format="html" doctype="描述类"
                    url="产品描述（Logging）\topics\电源要求.html" />
                <node id="56" name="运行环境" icon="book" format="html" doctype="描述类"
                    url="产品描述（Logging）\topics\运行环境.html" />
            </node>
        </node>
        <node id="57" name="产品描述（Reporting）" icon="book" doctype="描述类" format="html"
            url="nodes/产品描述（Reporting）.html">
            <node id="58" name="产品定位与特点" icon="book" format="html" doctype="描述类"
                url="产品描述（Reporting）\topics\d0e128.html">
                <node id="59" name="产品背景" icon="book" format="html" doctype="描述类"
                    url="产品描述（Reporting）\topics\d0e131.html" />
                <node id="60" name="产品定位" icon="book" format="html" doctype="描述类"
                    url="产品描述（Reporting）\topics\d0e175.html" />
                <node id="61" name="产品特点" icon="book" format="html" doctype="描述类"
                    url="产品描述（Reporting）\topics\d0e225.html" />
            </node>
            <node id="62" name="产品结构" icon="book" format="html" doctype="描述类"
                url="产品描述（Reporting）\topics\d0e264.html">
                <node id="63" name="系统原理" icon="book" format="html" doctype="描述类"
                    url="产品描述（Reporting）\topics\d0e267.html" />
                <node id="64" name="系统架构" icon="book" format="html" doctype="描述类"
                    url="产品描述（Reporting）\topics\d0e323.html" />
                <node id="65" name="硬件结构" icon="book" format="html" doctype="描述类"
                    url="产品描述（Reporting）\topics\d0e354.html" />
                <node id="66" name="虚拟化架构" icon="book" format="html" doctype="描述类"
                    url="产品描述（Reporting）\topics\d0e419.html" />
            </node>
            <node id="67" name="功能与业务" icon="book" format="html" doctype="描述类"
                url="产品描述（Reporting）\topics\d0e458.html">
                <node id="68" name="报表查询" icon="book" format="html" doctype="描述类"
                    url="产品描述（Reporting）\topics\d0e461.html">
                    <node id="69" name="流量报表" icon="book" format="html" doctype="描述类"
                        url="产品描述（Reporting）\topics\d0e464.html" />
                    <node id="70" name="业务报表" icon="book" format="html" doctype="描述类"
                        url="产品描述（Reporting）\topics\d0e740.html" />
                    <node id="71" name="终端报表" icon="book" format="html" doctype="描述类"
                        url="产品描述（Reporting）\topics\d0e1252.html" />
                    <node id="72" name="用户报表" icon="book" format="html" doctype="描述类"
                        url="产品描述（Reporting）\topics\d0e1609.html" />
                    <node id="73" name="网站报表" icon="book" format="html" doctype="描述类"
                        url="产品描述（Reporting）\topics\d0e2029.html" />
                    <node id="74" name="专题报表" icon="book" format="html" doctype="描述类"
                        url="产品描述（Reporting）\topics\d0e2386.html" />
                </node>
                <node id="75" name="管理功能" icon="book" format="html" doctype="描述类"
                    url="产品描述（Reporting）\topics\d0e2653.html">
                    <node id="76" name="安全管理" icon="book" format="html" doctype="描述类"
                        url="产品描述（Reporting）\topics\d0e2656.html" />
                    <node id="77" name="日志管理" icon="book" format="html" doctype="描述类"
                        url="产品描述（Reporting）\topics\d0e2675.html" />
                    <node id="78" name="配置管理" icon="book" format="html" doctype="描述类"
                        url="产品描述（Reporting）\topics\d0e2699.html" />
                    <node id="79" name="系统管理" icon="book" format="html" doctype="描述类"
                        url="产品描述（Reporting）\topics\d0e2748.html" />
                    <node id="80" name="数据文件推送功能" icon="book" format="html" doctype="描述类"
                        url="产品描述（Reporting）\topics\d0e2772.html" />
                </node>
            </node>
            <node id="81" name="组网应用" icon="book" format="html" doctype="描述类"
                url="产品描述（Reporting）\topics\d0e2779.html">
                <node id="82" name="组网方案" icon="book" format="html" doctype="描述类"
                    url="产品描述（Reporting）\topics\组网方案.html" />
            </node>
            <node id="83" name="技术指标" icon="book" format="html" doctype="描述类"
                url="产品描述（Reporting）\topics\d0e2817.html">
                <node id="84" name="物理指标" icon="book" format="html" doctype="描述类"
                    url="产品描述（Reporting）\topics\物理指标.html" />
                <node id="85" name="性能指标" icon="book" format="html" doctype="描述类"
                    url="产品描述（Reporting）\topics\d0e2845.html" />
                <node id="86" name="可靠性指标" icon="book" format="html" doctype="描述类"
                    url="产品描述（Reporting）\topics\d0e3111.html" />
            </node>
            <node id="87" name="环境要求" icon="book" format="html" doctype="描述类"
                url="产品描述（Reporting）\topics\环境要求.html">
                <node id="88" name="电源要求" icon="book" format="html" doctype="描述类"
                    url="产品描述（Reporting）\topics\电源要求.html" />
                <node id="89" name="运行环境" icon="book" format="html" doctype="描述类"
                    url="产品描述（Reporting）\topics\运行环境.html" />
            </node>
        </node>
    </node>
    <node id="90" name="安装与调测" icon="book" doctype="安装类" format="html" url="nodes/安装与调测.html">
        <node id="91" name="软件安装" icon="book" doctype="安装类" format="html" url="nodes/软件安装.html">
            <node id="92" name="部署流程" icon="book" format="html" doctype="安装类"
                url="软件安装\topics\1603072727361.html" />
            <node id="93" name="安装准备" icon="book" format="html" doctype="安装类" url="软件安装\topics\安装准备.html">
                <node id="94" name="版本文件准备" icon="book" format="html" doctype="安装类" url="软件安装\topics\版本文件准备.html" />
                <node id="95" name="默认密码信息" icon="book" format="html" doctype="安装类" url="软件安装\topics\默认密码信息.html" />
                <node id="96" name="虚拟化环境要求" icon="book" format="html" doctype="安装类"
                    url="软件安装\topics\虚拟化环境要求.html" />
                <node id="97" name="HA双机临时License准备" icon="book" format="html" doctype="安装类"
                    url="软件安装\topics\1606873661421.html" />
            </node>
            <node id="98" name="资源规划" icon="book" format="html" doctype="安装类" url="软件安装\topics\资源规划.html">
                <node id="99" name="系统组网" icon="book" format="html" doctype="安装类" url="软件安装\topics\系统组网.html" />
                <node id="100" name="网络规划" icon="book" format="html" doctype="安装类" url="软件安装\topics\网络规划.html" />
                <node id="101" name="IP地址规划" icon="book" format="html" doctype="安装类"
                    url="软件安装\topics\IP地址规划.html" />
                <node id="102" name="虚机资源" icon="book" format="html" doctype="安装类" url="软件安装\topics\虚机规格.html" />
            </node>
            <node id="103" name="VIM配置" icon="book" format="html" doctype="安装类" url="软件安装\topics\VIM配置.html">
                <node id="104" name="TECS上配置操作" icon="book" format="html" doctype="安装类"
                    url="软件安装\topics\配置前操作.html">
                    <node id="105" name="登录TECS客户端" icon="book" format="html" doctype="安装类"
                        url="软件安装\topics\登录TECS客户端.html" />
                    <node id="106" name="创建用户" icon="book" format="html" doctype="安装类"
                        url="软件安装\topics\创建用户.html" />
                    <node id="107" name="添加项目" icon="book" format="html" doctype="安装类"
                        url="软件安装\topics\创建项目.html" />
                    <node id="108" name="添加网络平面" icon="book" format="html" doctype="安装类"
                        url="软件安装\topics\创建网络平面.html" />
                    <node id="109" name="添加主机集合" icon="book" format="html" doctype="安装类"
                        url="软件安装\topics\1563415854697.html" />
                    <node id="110" name="添加虚机规格（可选）" icon="book" format="html" doctype="安装类"
                        url="软件安装\topics\1624253912563.html" />
                </node>
                <node id="111" name="在RedHat上配置操作" icon="book" format="html" doctype="安装类"
                    url="软件安装\topics\在RedHat上配置操作.html">
                    <node id="112" name="登录RedHat客户端" icon="book" format="html" doctype="安装类"
                        url="软件安装\topics\登录RedHat客户端.html" />
                    <node id="113" name="创建用户" icon="book" format="html" doctype="安装类"
                        url="软件安装\topics\创建用户_RedHat.html" />
                    <node id="114" name="创建项目" icon="book" format="html" doctype="安装类"
                        url="软件安装\topics\创建项目_RedHat.html" />
                    <node id="115" name="创建网络平面" icon="book" format="html" doctype="安装类"
                        url="软件安装\topics\创建网络平面_RedHat.html" />
                    <node id="116" name="创建虚机规格（可选）" icon="book" format="html" doctype="安装类"
                        url="软件安装\topics\1624256066266.html" />
                </node>
            </node>
            <node id="117" name="版本部署" icon="book" format="html" doctype="安装类" url="软件安装\topics\实例配置.html">
                <node id="118" name="登录NFVO客户端" icon="book" format="html" doctype="安装类"
                    url="软件安装\topics\登录NFVO客户端（TOSCA）.html" />
                <node id="119" name="新增资源池维度" icon="book" format="html" doctype="安装类"
                    url="软件安装\topics\新增域信息.html" />
                <node id="120" name="注册镜像包" icon="book" format="html" doctype="安装类" url="软件安装\topics\注册镜像包.html" />
                <node id="121" name="注册版本包" icon="book" format="html" doctype="安装类" url="软件安装\topics\注册版本包.html" />
                <node id="122" name="部署VNF" icon="book" format="html" doctype="安装类" url="软件安装\topics\部署VNF.html" />
                <node id="123" name="检查网络状态" icon="book" format="html" doctype="安装类"
                    url="软件安装\topics\1611660216600.html" />
            </node>
            <node id="124" name="License更新操作" icon="book" format="html" doctype="安装类" url="软件安装\topics\客户端操作.html">
                <node id="125" name="更新EMSPlus的License" icon="book" format="html" doctype="安装类"
                    url="软件安装\topics\1652856605394YrhnF1.html" />
                <node id="126" name="更新NewStart HA双机License" icon="book" format="html" doctype="安装类"
                    url="软件安装\topics\NewStartHACluster软件操作.html">
                    <node id="127" name="配置HA客户端" icon="book" format="html" doctype="安装类"
                        url="软件安装\topics\配置HA客户端.html" />
                    <node id="128" name="登录HA客户端" icon="book" format="html" doctype="安装类"
                        url="软件安装\topics\1565768862088.html" />
                    <node id="129" name="查询HA License有效期" icon="book" format="html" doctype="安装类"
                        url="软件安装\topics\查询HALicense有效期.html" />
                    <node id="130" name="申请并部署HA商用License" icon="book" format="html" doctype="安装类"
                        url="软件安装\topics\申请HA商用License.html" />
                </node>
            </node>
            <node id="131" name="配置NTP同步" icon="book" format="html" doctype="安装类"
                url="软件安装\topics\1631773139995.html" />
            <node id="132" name="EMSPlus安装后的检查项" icon="book" format="html" doctype="安装类"
                url="软件安装\topics\1631774933564.html">
                <node id="133" name="检查系统运行版本" icon="book" format="html" doctype="安装类"
                    url="软件安装\topics\1631774940801.html" />
                <node id="134" name="检查系统时间" icon="book" format="html" doctype="安装类"
                    url="软件安装\topics\1631774952285.html">
                    <node id="135" name="检查操作系统的时间时区和夏令时" icon="book" format="html" doctype="安装类"
                        url="软件安装\topics\1631774956556.html" />
                    <node id="136" name="检查GBASE节点的时间和时区" icon="book" format="html" doctype="安装类"
                        url="软件安装\topics\1631774989020.html" />
                </node>
            </node>
            <node id="137" name="INPUTS参数说明" icon="book" format="html" doctype="安装类"
                url="软件安装\topics\INPUTS参数说明.html">
                <node id="138" name="INPUTS参数说明" icon="book" format="html" doctype="安装类"
                    url="软件安装\topics\1624241685820.html" />
                <node id="139" name="5GC局点INPUTS参数示例" icon="book" format="html" doctype="安装类"
                    url="软件安装\topics\1609140291372.html" />
            </node>
        </node>
        <node id="140" name="网元对接配置" icon="book" doctype="安装类" format="html" url="nodes/网元对接配置.html">
            <node id="141" name="网元对接配置说明" icon="book" format="html" doctype="安装类"
                url="网元对接配置\topics\网元对接配置说明.html" />
            <node id="142" name="导入维度表" icon="book" format="html" doctype="安装类"
                url="网元对接配置\topics\1587707849607.html" />
            <node id="143" name="EMSPlus（CHR）局点" icon="book" format="html" doctype="安装类"
                url="网元对接配置\topics\1606897466697.html">
                <node id="144" name="配置FTU节点（可选）" icon="book" format="html" doctype="安装类"
                    url="网元对接配置\topics\1608608798379.html" />
                <node id="145" name="配置MDS节点的外部网元" icon="book" format="html" doctype="安装类"
                    url="网元对接配置\topics\1606981620385.html" />
                <node id="146" name="配置外部网元数据分发" icon="book" format="html" doctype="安装类"
                    url="网元对接配置\topics\1606981624218.html" />
                <node id="147" name="过滤业务类型分发（可选）" icon="book" format="html" doctype="安装类"
                    url="网元对接配置\topics\1606981627390.html" />
                <node id="148" name="配置BFD（可选）" icon="book" format="html" doctype="安装类"
                    url="网元对接配置\topics\1611800389217.html" />
                <node id="149" name="传送配置数据" icon="book" format="html" doctype="安装类"
                    url="网元对接配置\topics\1606981630652.html" />
                <node id="150" name="配置实例" icon="book" format="html" doctype="安装类"
                    url="网元对接配置\topics\1606981634123.html" />
            </node>
            <node id="151" name="EMSPlus（Reporting）局点" icon="book" format="html" doctype="安装类"
                url="网元对接配置\topics\纯EMSPlusRpt局点.html">
                <node id="152" name="配置FTU节点（可选）" icon="book" format="html" doctype="安装类"
                    url="网元对接配置\topics\1608608803822.html" />
                <node id="153" name="配置CU合并（可选）" icon="book" format="html" doctype="安装类"
                    url="网元对接配置\topics\1603157023772.html" />
                <node id="154" name="配置MDS节点的外部网元" icon="book" format="html" doctype="安装类"
                    url="网元对接配置\topics\配置MDS节点的外部网元1.html" />
                <node id="155" name="配置分发IP地址" icon="book" format="html" doctype="安装类"
                    url="网元对接配置\topics\配置分发IP地址1.html" />
                <node id="156" name="配置外部网元数据分发" icon="book" format="html" doctype="安装类"
                    url="网元对接配置\topics\配置外部网元数据分发1.html" />
                <node id="157" name="过滤业务类型分发（可选）" icon="book" format="html" doctype="安装类"
                    url="网元对接配置\topics\配置业务类型分发1.html" />
                <node id="158" name="配置BFD（可选）" icon="book" format="html" doctype="安装类"
                    url="网元对接配置\topics\1613960867180.html" />
                <node id="159" name="传送配置数据" icon="book" format="html" doctype="安装类"
                    url="网元对接配置\topics\传送配置数据.html" />
                <node id="160" name="配置实例" icon="book" format="html" doctype="安装类"
                    url="网元对接配置\topics\配置实例（EMSPlusRpt）.html" />
            </node>
            <node id="161" name="EMSPlus（Logging）局点" icon="book" format="html" doctype="安装类"
                url="网元对接配置\topics\纯EMSPlusLog局点.html">
                <node id="162" name="Logging场景配置" icon="book" format="html" doctype="安装类"
                    url="网元对接配置\topics\Logging场景配置（CGNAT+Firewall）.html">
                    <node id="163" name="配置FTU节点（可选）" icon="book" format="html" doctype="安装类"
                        url="网元对接配置\topics\1608608810485.html" />
                    <node id="164" name="配置MDS节点的外部网元" icon="book" format="html" doctype="安装类"
                        url="网元对接配置\topics\配置MDS节点的外部网元2.html" />
                    <node id="165" name="配置分发IP地址" icon="book" format="html" doctype="安装类"
                        url="网元对接配置\topics\配置分发IP地址2.html" />
                    <node id="166" name="配置外部网元数据分发" icon="book" format="html" doctype="安装类"
                        url="网元对接配置\topics\配置外部网元数据分发2.html" />
                    <node id="167" name="过滤业务类型分发（可选）" icon="book" format="html" doctype="安装类"
                        url="网元对接配置\topics\1588040231095.html" />
                    <node id="168" name="配置BFD（可选）" icon="book" format="html" doctype="安装类"
                        url="网元对接配置\topics\1613960925867.html" />
                    <node id="169" name="传送配置数据" icon="book" format="html" doctype="安装类"
                        url="网元对接配置\topics\传送配置数据.html" />
                    <node id="170" name="配置实例" icon="book" format="html" doctype="安装类"
                        url="网元对接配置\topics\配置实例（Logging）.html" />
                </node>
                <node id="171" name="IPDR场景配置" icon="book" format="html" doctype="安装类"
                    url="网元对接配置\topics\IPDR场景配置（xGW+CGNAT）.html">
                    <node id="172" name="配置FTU节点（可选）" icon="book" format="html" doctype="安装类"
                        url="网元对接配置\topics\1608608817807.html" />
                    <node id="173" name="配置CU合并（可选）" icon="book" format="html" doctype="安装类"
                        url="网元对接配置\topics\1603331319351.html" />
                    <node id="174" name="配置MDS节点的外部网元" icon="book" format="html" doctype="安装类"
                        url="网元对接配置\topics\配置MDS节点的外部网元4.html" />
                    <node id="175" name="配置分发IP地址" icon="book" format="html" doctype="安装类"
                        url="网元对接配置\topics\配置分发IP地址4.html" />
                    <node id="176" name="配置外部网元数据分发" icon="book" format="html" doctype="安装类"
                        url="网元对接配置\topics\配置外部网元数据分发4.html" />
                    <node id="177" name="过滤业务类型分发（可选）" icon="book" format="html" doctype="安装类"
                        url="网元对接配置\topics\配置业务类型分发2.html" />
                    <node id="178" name="配置BFD（可选）" icon="book" format="html" doctype="安装类"
                        url="网元对接配置\topics\1613960934730.html" />
                    <node id="179" name="传送配置数据" icon="book" format="html" doctype="安装类"
                        url="网元对接配置\topics\传送配置数据.html" />
                    <node id="180" name="配置实例" icon="book" format="html" doctype="安装类"
                        url="网元对接配置\topics\配置实例（IPDR）.html" />
                </node>
            </node>
            <node id="181" name="MDS级联场景配置" icon="book" format="html" doctype="安装类"
                url="网元对接配置\topics\EMSPlusRpt和EMSPlusLog混合局点.html">
                <node id="182" name="MDS级联" icon="book" format="html" doctype="安装类"
                    url="网元对接配置\topics\MDS级联.html" />
                <node id="183" name="配置MDS节点的外部网元" icon="book" format="html" doctype="安装类"
                    url="网元对接配置\topics\配置MDS节点的外部网元3.html" />
                <node id="184" name="配置分发IP地址" icon="book" format="html" doctype="安装类"
                    url="网元对接配置\topics\配置分发IP地址3.html" />
                <node id="185" name="配置外部网元数据分发" icon="book" format="html" doctype="安装类"
                    url="网元对接配置\topics\配置外部网元数据分发3.html" />
                <node id="186" name="过滤业务类型分发（可选）" icon="book" format="html" doctype="安装类"
                    url="网元对接配置\topics\配置业务类型分发3.html" />
                <node id="187" name="配置BFD（可选）" icon="book" format="html" doctype="安装类"
                    url="网元对接配置\topics\1613960944282.html" />
                <node id="188" name="传送配置数据" icon="book" format="html" doctype="安装类"
                    url="网元对接配置\topics\传送配置数据.html" />
                <node id="189" name="配置实例" icon="book" format="html" doctype="安装类"
                    url="网元对接配置\topics\配置实例（MDS级联）.html" />
            </node>
            <node id="190" name="对接后检查" icon="book" format="html" doctype="安装类"
                url="网元对接配置\topics\1631755245554.html">
                <node id="191" name="检查数据库表的保留天数" icon="book" format="html" doctype="安装类"
                    url="网元对接配置\topics\1631755248895.html" />
            </node>
            <node id="192" name="参考" icon="book" format="html" doctype="安装类" url="网元对接配置\topics\1613961115751.html">
                <node id="193" name="配置FTU参数" icon="book" format="html" doctype="安装类"
                    url="网元对接配置\topics\1608604958892.html">
                    <node id="194" name="导入FTU任务模板" icon="book" format="html" doctype="安装类"
                        url="网元对接配置\topics\1608604964214.html" />
                    <node id="195" name="配置FTU分发" icon="book" format="html" doctype="安装类"
                        url="网元对接配置\topics\1608604969266.html" />
                    <node id="196" name="配置FTU任务" icon="book" format="html" doctype="安装类"
                        url="网元对接配置\topics\1608604974418.html" />
                    <node id="197" name="同步FTU配置" icon="book" format="html" doctype="安装类"
                        url="网元对接配置\topics\1608604978830.html" />
                </node>
                <node id="198" name="配置BFD参数" icon="book" format="html" doctype="安装类"
                    url="网元对接配置\topics\1611800814936.html" />
            </node>
        </node>
    </node>
</nodes>