<?xml version="1.0" ?>
<nodes>
    <node id="1" name="文档包简介" icon="book" doctype="文档指南" format="html" url="nodes/文档包简介.html">
        <node id="2" name="更新历史" icon="book" format="html" doctype="文档指南" url="文档包简介\topics\t-0012863095.html" />
        <node id="3" name="获取途径与意见反馈" icon="book" format="html" doctype="文档指南"
            url="文档包简介\topics\t-0012863093.html" />
        <node id="4" name="联系中兴通讯技术支持" icon="book" format="html" doctype="文档指南" searchtitle="联系中兴通讯"
            url="文档包简介\topics\t-0012863092.html" />
        <node id="5" name="法律声明" icon="book" format="html" doctype="文档指南" url="文档包简介\topics\1578896677846.html" />
    </node>
    <node id="6" name="安全预防" icon="book" doctype="安全信息" format="html" url="nodes/安全预防.html">
        <node id="7" name="安全标志" icon="book" format="html" doctype="安全信息" url="安全预防\topics\1591758936113.html" />
        <node id="8" name="人身健康与安全信息" icon="book" bkmk="f0991991a6874683a29f279b8059d8ff" format="html"
            doctype="安全信息" url="安全预防\topics\leandoc_0.html" />
        <node id="18" name="系统安全信息" icon="book" bkmk="topic1" format="html" doctype="安全信息"
            url="安全预防\topics\1531808598160.html" />
    </node>
</nodes>