<?xml version="1.0" ?>
<nodes>
    <node id="999" name="参考" icon="book" doctype="参考类" format="html" url="nodes/参考.html">
        <node id="1000" name="性能计数器参考" icon="book" doctype="参考类" format="html" url="nodes/性能计数器参考.html">
            <node id="1001" name="基本数据统计" icon="book" format="html" doctype="参考类"
                url="性能计数器参考\topics\1646984491663.html">
                <node id="1002" name="C010010006 所有MDS接收到的消息总数" icon="book" format="html" doctype="参考类"
                    url="性能计数器参考\topics\3-C010010006.html" />
                <node id="1003" name="C010010007 所有DCU从MDS接收到的消息总数" icon="book" format="html" doctype="参考类"
                    url="性能计数器参考\topics\4-C010010007.html" />
                <node id="1004" name="C010010008 所有DCU写入文件的消息总数" icon="book" format="html" doctype="参考类"
                    url="性能计数器参考\topics\5-C010010008.html" />
                <node id="1005" name="C010010009 所有ASC从MDS接收到的消息总数" icon="book" format="html" doctype="参考类"
                    url="性能计数器参考\topics\6-C010010009.html" />
            </node>
            <node id="1006" name="CHR消息统计" icon="book" format="html" doctype="参考类"
                url="性能计数器参考\topics\leandoc_0.html">
                <node id="1007" name="C010020006 所有MDS接收到的CHR消息数" icon="book" format="html" doctype="参考类"
                    url="性能计数器参考\topics\9-C010020006.html" />
                <node id="1008" name="C010020007 所有MDS接收到的CHR消息解析失败数" icon="book" format="html" doctype="参考类"
                    url="性能计数器参考\topics\10-C010020007.html" />
                <node id="1009" name="C010020008 所有MDS发送到DCU的CHR消息成功数" icon="book" format="html" doctype="参考类"
                    url="性能计数器参考\topics\11-C010020008.html" />
                <node id="1010" name="C010020009 所有MDS发送到DCU的CHR消息失败数" icon="book" format="html" doctype="参考类"
                    url="性能计数器参考\topics\12-C010020009.html" />
                <node id="1011" name="C010020010 所有MDS发送到MDS的CHR消息成功数" icon="book" format="html" doctype="参考类"
                    url="性能计数器参考\topics\13-C010020010.html" />
                <node id="1012" name="C010020011 所有MDS发送到MDS的CHR消息失败数" icon="book" format="html" doctype="参考类"
                    url="性能计数器参考\topics\14-C010020011.html" />
                <node id="1013" name="C010020012 所有DCU从MDS接收到的CHR消息数" icon="book" format="html" doctype="参考类"
                    url="性能计数器参考\topics\15-C010020012.html" />
                <node id="1014" name="C010020013 所有DCU从MDS接收到的CHR消息解析失败数" icon="book" format="html" doctype="参考类"
                    url="性能计数器参考\topics\16-C010020013.html" />
            </node>
            <node id="1015" name="NAT消息统计" icon="book" format="html" doctype="参考类"
                url="性能计数器参考\topics\1646984847206.html">
                <node id="1016" name="C010030006 所有MDS接收到的NAT创建消息数" icon="book" format="html" doctype="参考类"
                    url="性能计数器参考\topics\18-C010030006.html" />
                <node id="1017" name="C010030007 所有MDS接收到的NAT创建消息解析失败数" icon="book" format="html" doctype="参考类"
                    url="性能计数器参考\topics\19-C010030007.html" />
                <node id="1018" name="C010030008 所有MDS发送到DCU的NAT创建消息成功数" icon="book" format="html" doctype="参考类"
                    url="性能计数器参考\topics\20-C010030008.html" />
                <node id="1019" name="C010030009 所有MDS发送到DCU的NAT创建消息失败数" icon="book" format="html" doctype="参考类"
                    url="性能计数器参考\topics\21-C010030009.html" />
                <node id="1020" name="C010030010 所有DCU从MDS接收到的NAT创建消息数" icon="book" format="html" doctype="参考类"
                    url="性能计数器参考\topics\22-C010030010.html" />
                <node id="1021" name="C010030011 所有DCU从MDS接收到的NAT创建消息解析失败数" icon="book" format="html" doctype="参考类"
                    url="性能计数器参考\topics\23-C010030011.html" />
                <node id="1022" name="C010030012 所有MDS接收到的NAT释放消息数" icon="book" format="html" doctype="参考类"
                    url="性能计数器参考\topics\24-C010030012.html" />
                <node id="1023" name="C010030013 所有MDS接收到的NAT释放消息解析失败数" icon="book" format="html" doctype="参考类"
                    url="性能计数器参考\topics\25-C010030013.html" />
                <node id="1024" name="C010030014 所有MDS发送到DCU的NAT释放消息成功数" icon="book" format="html" doctype="参考类"
                    url="性能计数器参考\topics\26-C010030014.html" />
                <node id="1025" name="C010030015 所有MDS发送到DCU的NAT释放消息失败数" icon="book" format="html" doctype="参考类"
                    url="性能计数器参考\topics\27-C010030015.html" />
                <node id="1026" name="C010030016 所有DCU从MDS接收到的NAT释放消息数" icon="book" format="html" doctype="参考类"
                    url="性能计数器参考\topics\28-C010030016.html" />
                <node id="1027" name="C010030017 所有DCU从MDS接收到的NAT释放消息解析失败数" icon="book" format="html" doctype="参考类"
                    url="性能计数器参考\topics\29-C010030017.html" />
            </node>
            <node id="1028" name="模块系统统计" icon="book" format="html" doctype="参考类"
                url="性能计数器参考\topics\leandoc_1.html">
                <node id="1029" name="C010040006 CPU平均使用率 (%)" icon="book" format="html" doctype="参考类"
                    url="性能计数器参考\topics\31-C010040006.html" />
                <node id="1030" name="C010040007 CPU使用峰值 (%)" icon="book" format="html" doctype="参考类"
                    url="性能计数器参考\topics\32-C010040007.html" />
                <node id="1031" name="C010040008 内存平均使用率 (%)" icon="book" format="html" doctype="参考类"
                    url="性能计数器参考\topics\33-C010040008.html" />
                <node id="1032" name="C010040009 内存使用峰值 (%)" icon="book" format="html" doctype="参考类"
                    url="性能计数器参考\topics\34-C010040009.html" />
                <node id="1033" name="C010040011 CPU使用峰值时间" icon="book" format="html" doctype="参考类"
                    url="性能计数器参考\topics\36-C010040011.html" />
                <node id="1034" name="C010040012 CPU峰值持续时间 (秒)" icon="book" format="html" doctype="参考类"
                    url="性能计数器参考\topics\37-C010040012.html" />
                <node id="1035" name="C010040013 内存使用（MB）" icon="book" format="html" doctype="参考类"
                    url="性能计数器参考\topics\38-C010040013.html" />
                <node id="1036" name="C010040014 内存空闲（MB）" icon="book" format="html" doctype="参考类"
                    url="性能计数器参考\topics\39-C010040014.html" />
                <node id="1037" name="C010040016 CPU过载时间 (秒)" icon="book" format="html" doctype="参考类"
                    url="性能计数器参考\topics\41-C010040016.html" />
                <node id="1038" name="C010040017 系统磁盘IO平均值 (%)" icon="book" format="html" doctype="参考类"
                    url="性能计数器参考\topics\42-C010040017.html" />
                <node id="1039" name="C010040018 系统磁盘IO峰值 (%)" icon="book" format="html" doctype="参考类"
                    url="性能计数器参考\topics\43-C010040018.html" />
                <node id="1040" name="C010040019 数据磁盘IO平均值 (%)" icon="book" format="html" doctype="参考类"
                    url="性能计数器参考\topics\44-C010040019.html" />
                <node id="1041" name="C010040020 数据磁盘IO峰值 (%)" icon="book" format="html" doctype="参考类"
                    url="性能计数器参考\topics\45-C010040020.html" />
            </node>
            <node id="1042" name="SMF消息统计" icon="book" format="html" doctype="参考类"
                url="性能计数器参考\topics\leandoc_2.html">
                <node id="1043" name="C010050006 所有MDS接收到的SMF消息数" icon="book" format="html" doctype="参考类"
                    url="性能计数器参考\topics\48-C010050006.html" />
                <node id="1044" name="C010050007 所有MDS接收到的SMF消息解析失败数" icon="book" format="html" doctype="参考类"
                    url="性能计数器参考\topics\49-C010050007.html" />
                <node id="1045" name="C010050008 所有MDS发送到ASC的SMF消息成功数" icon="book" format="html" doctype="参考类"
                    url="性能计数器参考\topics\50-C010050008.html" />
                <node id="1046" name="C010050009 所有MDS发送到ASC的SMF消息失败数" icon="book" format="html" doctype="参考类"
                    url="性能计数器参考\topics\51-C010050009.html" />
                <node id="1047" name="C010050010 所有ASC从MDS接收到的SMF消息数" icon="book" format="html" doctype="参考类"
                    url="性能计数器参考\topics\52-C010050010.html" />
                <node id="1048" name="C010050011 所有ASC从MDS接收到的SMF消息解析失败数" icon="book" format="html" doctype="参考类"
                    url="性能计数器参考\topics\53-C010050011.html" />
            </node>
            <node id="1049" name="UPF消息统计 " icon="book" format="html" doctype="参考类"
                url="性能计数器参考\topics\leandoc_3.html">
                <node id="1050" name="C010060006 所有MDS接收到的UPF消息数" icon="book" format="html" doctype="参考类"
                    url="性能计数器参考\topics\56-C010060006.html" />
                <node id="1051" name="C010060007 所有MDS接收到的UPF消息解析失败数" icon="book" format="html" doctype="参考类"
                    url="性能计数器参考\topics\57-C010060007.html" />
                <node id="1052" name="C010060008 所有MDS发送到ASC的UPF消息成功数" icon="book" format="html" doctype="参考类"
                    url="性能计数器参考\topics\58-C010060008.html" />
                <node id="1053" name="C010060009 所有MDS发送到ASC的UPF消息失败数" icon="book" format="html" doctype="参考类"
                    url="性能计数器参考\topics\59-C010060009.html" />
                <node id="1054" name="C010060010 所有ASC从MDS接收到的UPF消息数" icon="book" format="html" doctype="参考类"
                    url="性能计数器参考\topics\60-C010060010.html" />
                <node id="1055" name="C010060011 所有ASC从MDS接收到的UPF消息解析失败数" icon="book" format="html" doctype="参考类"
                    url="性能计数器参考\topics\61-C010060011.html" />
                <node id="1056" name="C010060012 所有MU从ASC接收到的UPF消息数" icon="book" format="html" doctype="参考类"
                    url="性能计数器参考\topics\62-C010060012.html" />
                <node id="1057" name="C010060013 所有MU从ASC接收到的UPF消息解析失败数" icon="book" format="html" doctype="参考类"
                    url="性能计数器参考\topics\63-C010060013.html" />
            </node>
            <node id="1058" name="RAS聚集表统计" icon="book" format="html" doctype="参考类"
                url="性能计数器参考\topics\leandoc_4.html">
                <node id="1059" name="C010070006 内存使用大小 (MB)" icon="book" format="html" doctype="参考类"
                    url="性能计数器参考\topics\65-C01007006.html" />
                <node id="1060" name="C010070007 每粒度聚集记录数" icon="book" format="html" doctype="参考类"
                    url="性能计数器参考\topics\66-C01007007.html" />
            </node>
            <node id="1061" name="文件数量统计" icon="book" format="html" doctype="参考类"
                url="性能计数器参考\topics\1646987540849.html">
                <node id="1062" name="C01008006 DCU生成的入库文件数" icon="book" format="html" doctype="参考类"
                    url="性能计数器参考\topics\1646987536511.html" />
                <node id="1063" name="C01008007 DCU生成的北向文件数" icon="book" format="html" doctype="参考类"
                    url="性能计数器参考\topics\1646987551731.html" />
                <node id="1064" name="C01008008 当前积压的入库文件数" icon="book" format="html" doctype="参考类"
                    url="性能计数器参考\topics\1646987547534.html" />
                <node id="1065" name="C01008009 当前积压的北向文件数" icon="book" format="html" doctype="参考类"
                    url="性能计数器参考\topics\1646987563582.html" />
                <node id="1066" name="C01008010 DCU推送的北向文件数" icon="book" format="html" doctype="参考类"
                    url="性能计数器参考\topics\1646987567732.html" />
            </node>
        </node>
        <node id="1067" name="内部信息参考" icon="book" doctype="参考类" format="html" url="nodes/内部信息参考.html">
            <node id="1068" name="内部参考信息说明" icon="book" format="html" doctype="参考类"
                url="内部信息参考\topics\1545464007486.html" />
            <node id="1069" name="内部调测命令" icon="book" format="html" doctype="参考类"
                url="内部信息参考\topics\1545463695579.html" />
            <node id="1070" name="节点调测命令" icon="book" format="html" doctype="参考类"
                url="内部信息参考\topics\1545811360039.html" />
            <node id="1071" name="配置文件参数" icon="book" bkmk="topic1" format="html" doctype="参考类"
                url="内部信息参考\topics\1545811355172.html" />
        </node>
    </node>
    <node id="1075" name="缩略语" icon="book" doctype="" format="html" url="log.html" />
</nodes>