<?xml version="1.0" encoding="utf-8"?>
<nodes>
 <node id="7034" name="故障管理" icon="book" doctype="维护类" format="html" url="nodes/故障管理.html">
        <node id="7035" name="故障处理概述" icon="book" doctype="维护类" format="html" url="nodes/故障处理概述.html">
            <node id="7036" name="对维护人员的要求" icon="book" format="html" doctype="维护类"
                url="故障处理概述\topics\1-对维护人员的要求.html" />
            <node id="7037" name="故障处理流程" icon="book" bkmk="Auto_concept" format="html" doctype="维护类"
                url="故障处理概述\topics\2-故障处理流程.html" />
            <node id="7040" name="故障处理常用工具" icon="book" format="html" doctype="维护类"
                url="故障处理概述\topics\5-故障处理常用工具.html" />
            <node id="7041" name="故障处理常用方法" icon="book" format="html" doctype="维护类"
                url="故障处理概述\topics\6-故障处理常用方法.html" />
            <node id="7042" name="故障处理记录表" icon="book" format="html" doctype="维护类"
                url="故障处理概述\topics\37-故障处理记录表.html" />
        </node>
        <node id="7043" name="应急处理" icon="book" doctype="维护类" format="html" url="nodes/应急处理.html">
            <node id="7044" name="应急维护概述" icon="book" format="html" doctype="维护类" url="应急处理\topics\应急维护概述.html">
                <node id="7045" name="应急故障定义" icon="book" format="html" doctype="维护类" url="应急处理\topics\紧急故障定义.html" />
                <node id="7046" name="应急维护目的" icon="book" format="html" doctype="维护类" url="应急处理\topics\应急维护目的.html" />
                <node id="7047" name="基本原则" icon="book" format="html" doctype="维护类" url="应急处理\topics\基本原则.html" />
                <node id="7048" name="应急维护流程" icon="book" format="html" doctype="维护类" url="应急处理\topics\应急维护流程.html">
                    <node id="7049" name="通知中兴通讯维护人员" icon="book" format="html" doctype="维护类"
                        url="应急处理\topics\通知中兴通讯维护人员.html" />
                    <node id="7050" name="检查业务" icon="book" format="html" doctype="维护类" url="应急处理\topics\检查业务.html" />
                    <node id="7051" name="记录故障信息" icon="book" format="html" doctype="维护类"
                        url="应急处理\topics\记录故障信息.html" />
                    <node id="7052" name="定位和分析故障原因" icon="book" format="html" doctype="维护类"
                        url="应急处理\topics\定位和分析故障原因.html" />
                    <node id="7053" name="紧急求助" icon="book" format="html" doctype="维护类" url="应急处理\topics\紧急求助.html" />
                    <node id="7054" name="恢复业务" icon="book" format="html" doctype="维护类" url="应急处理\topics\恢复业务.html" />
                    <node id="7055" name="观察业务" icon="book" format="html" doctype="维护类" url="应急处理\topics\观察业务.html" />
                    <node id="7056" name="信息记录" icon="book" format="html" doctype="维护类" url="应急处理\topics\信息记录.html" />
                </node>
                <node id="7057" name="收集故障信息" icon="book" format="html" doctype="维护类" url="应急处理\topics\收集故障信息.html" />
                <node id="7058" name="应急思路" icon="book" format="html" doctype="维护类"
                    url="应急处理\topics\1624928046641.html" />
            </node>
            <node id="7059" name="应急维护常见操作 " icon="book" format="html" doctype="维护类" url="应急处理\topics\14.html">
                <node id="7060" name="虚机复位" icon="book" format="html" doctype="维护类" url="应急处理\topics\15.html" />
                <node id="7061" name="容器复位 " icon="book" format="html" doctype="维护类" url="应急处理\topics\16.html" />
                <node id="7062" name="数据备份和恢复" icon="book" format="html" doctype="维护类"
                    url="应急处理\topics\1589272676712.html" />
            </node>
            <node id="7063" name="系统预防" icon="book" format="html" doctype="维护类" url="应急处理\topics\1624843554083.html">
                <node id="7064" name="网络评估" icon="book" format="html" doctype="维护类"
                    url="应急处理\topics\1624843824298.html">
                    <node id="7065" name="系统负荷评估" icon="book" format="html" doctype="维护类"
                        url="应急处理\topics\1624843829469.html" />
                    <node id="7066" name="负荷控制" icon="book" format="html" doctype="维护类"
                        url="应急处理\topics\1624846823363.html" />
                </node>
                <node id="7067" name="容灾倒换" icon="book" format="html" doctype="维护类"
                    url="应急处理\topics\1624847563790.html">
                    <node id="7068" name="检查容灾配置" icon="book" format="html" doctype="维护类"
                        url="应急处理\topics\1624847568641.html" />
                    <node id="7069" name="容灾倒换演练" icon="book" format="html" doctype="维护类"
                        url="应急处理\topics\1624851673748.html" />
                </node>
                <node id="7070" name="定期巡检" icon="book" format="html" doctype="维护类"
                    url="应急处理\topics\1624852001496.html" />
                <node id="7071" name="性能统计任务" icon="book" format="html" doctype="维护类"
                    url="应急处理\topics\1624852063930.html" />
                <node id="7072" name="告警和通知" icon="book" format="html" doctype="维护类"
                    url="应急处理\topics\1624852468036.html" />
            </node>
            <node id="7073" name="AMF信息采集" icon="book" format="html" doctype="维护类" url="应急处理\topics\1624861120046.html">
                <node id="7074" name="采集告警信息" icon="book" format="html" doctype="维护类"
                    url="应急处理\topics\1624861123818.html" />
                <node id="7075" name="采集性能统计" icon="book" format="html" doctype="维护类"
                    url="应急处理\topics\1624861333478.html" />
                <node id="7076" name="采集日志信息" icon="book" format="html" doctype="维护类"
                    url="应急处理\topics\1624861579764.html" />
                <node id="7077" name="采集网元配置" icon="book" format="html" doctype="维护类"
                    url="应急处理\topics\1624861693864.html" />
                <node id="7078" name="采集一键收集信息" icon="book" format="html" doctype="维护类"
                    url="应急处理\topics\1624866257564.html" />
            </node>
            <node id="7079" name="影响评估" icon="book" format="html" doctype="维护类" url="应急处理\topics\1624868234068.html">
                <node id="7080" name="评估内容" icon="book" format="html" doctype="维护类"
                    url="应急处理\topics\1624868418012.html" />
                <node id="7081" name="联合决策" icon="book" format="html" doctype="维护类"
                    url="应急处理\topics\1624869541191.html" />
            </node>
            <node id="7082" name="典型故障场景" icon="book" format="html" doctype="维护类" url="应急处理\topics\1624928051702.html">
                <node id="7083" name="大量用户无法注册/激活" icon="book" format="html" doctype="维护类"
                    url="应急处理\topics\1624928736803.html" />
                <node id="7084" name="信令风暴" icon="book" format="html" doctype="维护类"
                    url="应急处理\topics\1624939026972.html" />
                <node id="7085" name="主备NRF均不可达" icon="book" format="html" doctype="维护类"
                    url="应急处理\topics\1624947169586.html" />
                <node id="7086" name="所有DNS服务器不可用" icon="book" format="html" doctype="维护类"
                    url="应急处理\topics\1624948035829.html" />
                <node id="7087" name="单个GSU虚机异常" icon="book" format="html" doctype="维护类"
                    url="应急处理\topics\1624953647529.html" />
                <node id="7088" name="单个IPU虚机异常" icon="book" format="html" doctype="维护类"
                    url="应急处理\topics\1624959517231.html" />
                <node id="7089" name="同类型GSU虚机CPU过载" icon="book" format="html" doctype="维护类"
                    url="应急处理\topics\1624962934839.html" />
                <node id="7090" name="承载类故障" icon="book" format="html" doctype="维护类"
                    url="应急处理\topics\1625015319416.html" />
            </node>
            <node id="7091" name="维护记录表" icon="book" format="html" doctype="维护类" url="应急处理\topics\维护记录表.html">
                <node id="7092" name="异常情况记录表" icon="book" format="html" doctype="维护类" url="应急处理\topics\异常情况记录表.html" />
                <node id="7093" name="设备紧急维护通知单" icon="book" format="html" doctype="维护类"
                    url="应急处理\topics\设备紧急维护通知单.html" />
                <node id="7094" name="设备故障处理记录表" icon="book" format="html" doctype="维护类"
                    url="应急处理\topics\设备故障处理记录表.html" />
            </node>
        </node>
        <node id="7095" name="故障处理" icon="book" doctype="维护类" format="html" url="nodes/故障处理.html">
            <node id="7096" name="AMF业务类故障处理" icon="book" format="html" doctype="维护类"
                url="故障处理\topics\1589331396470.html">
                <node id="7097" name="AMF和gNodeB之间没有信令消息" icon="book" format="html" doctype="维护类"
                    url="故障处理\topics\1588907094694.html" />
                <node id="7098" name="AMF和NRF之间消息异常" icon="book" format="html" doctype="维护类"
                    url="故障处理\topics\1588907091757.html" />
                <node id="7099" name="AMF和MME之间消息异常" icon="book" format="html" doctype="维护类"
                    url="故障处理\topics\1588907088260.html" />
                <node id="7100" name="AMF和其他NF之间HTTP消息异常" icon="book" format="html" doctype="维护类"
                    url="故障处理\topics\1588907080567.html" />
                <node id="7101" name="AMF给UE下发了不支持语音功能" icon="book" format="html" doctype="维护类"
                    url="故障处理\topics\1598497559251.html" />
                <node id="7102" name="AMF发送createSmContextReq给SMF时没有携带N26指示" icon="book" format="html" doctype="维护类"
                    url="故障处理\topics\1598576288330.html" />
                <node id="7103" name="AMF无法给SMF发update消息" icon="book" format="html" doctype="维护类"
                    url="故障处理\topics\1598576291470.html" />
                <node id="7104" name="AMF收到Forward Relocation Request后直接回复失败" icon="book" format="html" doctype="维护类"
                    url="故障处理\topics\1598576294670.html" />
                <node id="7105" name="AMF无法选择MME" icon="book" format="html" doctype="维护类"
                    url="故障处理\topics\1598576297811.html" />
                <node id="7106" name="AMF收到HO Required后立即失败下发Handover Preparation Failure" icon="book" format="html"
                    doctype="维护类" url="故障处理\topics\1598576300911.html" />
                <node id="7107" name="注册过程中终端检查MAC失败" icon="book" format="html" doctype="维护类"
                    url="故障处理\topics\1598576303881.html" />
                <node id="7108" name="基站NG Setup失败，并且有告警显示容量不足" icon="book" format="html" doctype="维护类"
                    url="故障处理\topics\1598576307061.html" />
                <node id="7109" name="基站NG Setup失败，原因值是Unknown PLMN" icon="book" format="html" doctype="维护类"
                    url="故障处理\topics\1598576310121.html" />
                <node id="7110" name="NRF选择成功却不发消息" icon="book" format="html" doctype="维护类"
                    url="故障处理\topics\1598576313422.html" />
                <node id="7111" name="AMF收到MME发来的Forward Relocation Request，查找SMF失败" icon="book" format="html"
                    doctype="维护类" url="故障处理\topics\1598576316562.html" />
            </node>
            <node id="7112" name="MME业务类故障处理" icon="book" format="html" doctype="维护类" searchtitle="3"
                url="故障处理\topics\18-MME业务类故障处理.html">
                <node id="7113" name="通讯类业务故障" icon="book" format="html" doctype="维护类" searchtitle="3"
                    url="故障处理\topics\19-通讯类业务故障.html">
                    <node id="7114" name="MME和eNodeB之间没有信令消息" icon="book" format="html" doctype="维护类" searchtitle="3"
                        url="故障处理\topics\20-MME和eNodeB之间没有信令消息.html" />
                    <node id="7115" name="MME和HSS之间的消息异常" icon="book" format="html" doctype="维护类" searchtitle="3"
                        url="故障处理\topics\21-MME和HSS之间的消息异常.html" />
                    <node id="7116" name="MME和SGW之间的消息异常" icon="book" format="html" doctype="维护类" searchtitle="3"
                        url="故障处理\topics\22-MME和SGW之间的消息异常.html" />
                </node>
                <node id="7117" name="配置类业务故障" icon="book" format="html" doctype="维护类" searchtitle="3"
                    url="故障处理\topics\23-配置类业务故障.html">
                    <node id="7118" name="Network failure的失败原因" icon="book" format="html" doctype="维护类" searchtitle="3"
                        url="故障处理\topics\24-Network failure的失败原因.html" />
                    <node id="7119" name="Tracking Area not allowed的失败原因" icon="book" format="html" doctype="维护类"
                        searchtitle="3" url="故障处理\topics\25-Tracking Area not allowed的失败原因.html" />
                    <node id="7120" name="Unknown or missing APN的失败原因" icon="book" format="html" doctype="维护类"
                        searchtitle="3" url="故障处理\topics\26-Unknown or missing APN的失败原因.html" />
                    <node id="7121" name="Resource unavailable的失败原因" icon="book" format="html" doctype="维护类"
                        searchtitle="3" url="故障处理\topics\27-Resource unavailable的失败原因.html" />
                </node>
            </node>
            <node id="7122" name="Gn/Gp SGSN业务类故障处理" icon="book" format="html" doctype="维护类"
                url="故障处理\topics\28-Gn Gp SGSN业务类故障处理.html">
                <node id="7123" name="接口类故障处理" icon="book" format="html" doctype="维护类"
                    url="故障处理\topics\29-接口类故障处理.html">
                    <node id="7124" name="Iu-PS接口故障" icon="book" format="html" doctype="维护类"
                        url="故障处理\topics\30-Iu-PS接口故障.html" />
                    <node id="7125" name="Gb接口故障" icon="book" format="html" doctype="维护类"
                        url="故障处理\topics\31-Gb接口故障.html" />
                    <node id="7126" name="Gr接口故障" icon="book" format="html" doctype="维护类"
                        url="故障处理\topics\32-Gr接口故障.html" />
                    <node id="7127" name="Gn接口故障" icon="book" format="html" doctype="维护类"
                        url="故障处理\topics\33-Gn接口故障.html" />
                </node>
                <node id="7128" name="配置类业务故障" icon="book" format="html" doctype="维护类"
                    url="故障处理\topics\34-配置类业务故障.html">
                    <node id="7129" name="用户附着失败" icon="book" format="html" doctype="维护类"
                        url="故障处理\topics\35-用户附着失败.html" />
                    <node id="7130" name="PDP激活失败" icon="book" format="html" doctype="维护类"
                        url="故障处理\topics\36-PDP激活失败.html" />
                </node>
            </node>
            <node id="7131" name="网管类故障" icon="book" format="html" doctype="维护类" url="故障处理\topics\t-0012112259.html">
                <node id="7132" name="性能数据缺失" icon="book" format="html" doctype="维护类"
                    url="故障处理\topics\t-0013605229.html" />
                <node id="7133" name="性能数据不完整" icon="book" format="html" doctype="维护类"
                    url="故障处理\topics\t-0011091537.html" />
                <node id="7134" name="测量任务管理中存在不正常的测量任务" icon="book" format="html" doctype="维护类"
                    url="故障处理\topics\t-0013604517.html" />
                <node id="7135" name="网元和EM服务器上的告警数据不一致" icon="book" format="html" doctype="维护类"
                    url="故障处理\topics\t-0011091565.html" />
            </node>
            <node id="7136" name="KPI指标异常类故障" icon="book" format="html" doctype="维护类"
                url="故障处理\topics\1615535500301.html">
                <node id="7137" name="初始注册类故障" icon="book" format="html" doctype="维护类"
                    url="故障处理\topics\1615535496516.html">
                    <node id="7138" name="注册指标下降" icon="book" format="html" doctype="维护类"
                        url="故障处理\topics\1615535514018.html" />
                    <node id="7139" name="初始注册成功率低" icon="book" format="html" doctype="维护类"
                        url="故障处理\topics\1615535518069.html" />
                </node>
                <node id="7140" name="5G切换到4G类故障" icon="book" format="html" doctype="维护类"
                    url="故障处理\topics\1615535503360.html">
                    <node id="7141" name="5G切4G指标下降" icon="book" format="html" doctype="维护类"
                        url="故障处理\topics\1615540013895.html" />
                    <node id="7142" name="5G切4G成功率低" icon="book" format="html" doctype="维护类"
                        url="故障处理\topics\1615540022226.html" />
                </node>
                <node id="7143" name="寻呼类故障" icon="book" format="html" doctype="维护类"
                    url="故障处理\topics\1615535506480.html">
                    <node id="7144" name="寻呼成功率下降" icon="book" format="html" doctype="维护类"
                        url="故障处理\topics\1615540058505.html" />
                </node>
                <node id="7145" name="移动性注册类故障" icon="book" format="html" doctype="维护类"
                    url="故障处理\topics\1615535509742.html">
                    <node id="7146" name="AMF注册成功率指标低" icon="book" format="html" doctype="维护类"
                        url="故障处理\topics\1615540068305.html" />
                </node>
            </node>
        </node>
        <node id="7147" name="故障信息采集" icon="book" doctype="维护类" format="html" url="nodes/故障信息采集.html">
            <node id="7148" name="功能简介" icon="book" format="html" doctype="维护类"
                url="故障信息采集\topics\1614677297841.html" />
            <node id="7149" name="配置说明" icon="book" format="html" doctype="维护类" url="故障信息采集\topics\1614677330937.html">
                <node id="7150" name="命令行方式一键采集故障信息" icon="book" format="html" doctype="维护类"
                    url="故障信息采集\topics\1614677339531.html" />
                <node id="7151" name="图形界面方式一键采集故障信息" icon="book" format="html" doctype="维护类"
                    url="故障信息采集\topics\1614677335341.html" />
            </node>
        </node>
    </node>
</nodes>