<?xml version="1.0" encoding="utf-8"?>
<nodes>
<node id="6669" name="操作与维护" icon="book" doctype="操作类" format="html" url="nodes/操作与维护.html">
        <node id="6670" name="EM网管快速入门" icon="book" doctype="操作类" format="html" url="nodes/EM网管快速入门.html">
            <node id="6671" name="常用功能模块入口" icon="book" format="html" doctype="操作类"
                url="EM网管快速入门\topics\1622019710760.html" />
            <node id="6672" name="登录EM客户端" icon="book" format="html" doctype="操作类"
                url="EM网管快速入门\topics\t-0013792632.html" />
        </node>
        <node id="6673" name="拓扑管理" icon="book" doctype="操作类" format="html" url="nodes/拓扑管理.html">
            <node id="6674" name="逻辑视图" icon="book" format="html" doctype="操作类" url="拓扑管理\topics\逻辑视图页面介绍.html">
                <node id="6675" name="搜索资源" icon="book" format="html" doctype="操作类" url="拓扑管理\topics\搜索资源.html" />
                <node id="6676" name="查看网元当前告警" icon="book" format="html" doctype="操作类" url="拓扑管理\topics\查看网元告警.html" />
                <node id="6677" name="查看网元信息概览" icon="book" format="html" doctype="操作类"
                    url="拓扑管理\topics\查看网元信息概览.html" />
                <node id="6678" name="设置重点KPI监控条件" icon="book" format="html" doctype="操作类"
                    url="拓扑管理\topics\设置重点KPI监控条件.html" />
                <node id="6679" name="设置重点告警监控条件" icon="book" format="html" doctype="操作类"
                    url="拓扑管理\topics\1573442547000.html" />
            </node>
            <node id="6680" name="分组管理" icon="book" format="html" doctype="操作类" url="拓扑管理\topics\网元分组管理.html">
                <node id="6681" name="创建网元分组" icon="book" format="html" doctype="操作类" url="拓扑管理\topics\创建网元分组.html" />
                <node id="6682" name="修改网元分组" icon="book" format="html" doctype="操作类" url="拓扑管理\topics\修改网元分组.html" />
                <node id="6683" name="删除网元分组" icon="book" format="html" doctype="操作类" url="拓扑管理\topics\删除网元分组.html" />
            </node>
            <node id="6684" name="分层接入" icon="book" format="html" doctype="操作类" url="拓扑管理\topics\分层接入管理.html">
                <node id="6685" name="新建AIO代理" icon="book" format="html" doctype="操作类"
                    url="拓扑管理\topics\1583397128533.html" />
                <node id="6686" name="新建MEP代理" icon="book" format="html" doctype="操作类"
                    url="拓扑管理\topics\1620701077118.html" />
                <node id="6687" name="新建NFVO代理" icon="book" format="html" doctype="操作类"
                    url="拓扑管理\topics\1583397208354.html" />
                <node id="6688" name="新建NSSMF代理" icon="book" format="html" doctype="操作类"
                    url="拓扑管理\topics\1599189933303.html" />
                <node id="6689" name="新建OAM代理" icon="book" format="html" doctype="操作类"
                    url="拓扑管理\topics\1583397161605.html" />
                <node id="6690" name="新建SNMP代理" icon="book" format="html" doctype="操作类"
                    url="拓扑管理\topics\1583397219204.html" />
                <node id="6691" name="新建V4OMS代理" icon="book" format="html" doctype="操作类"
                    url="拓扑管理\topics\1583397172878.html" />
                <node id="6692" name="新建VNFM代理" icon="book" format="html" doctype="操作类"
                    url="拓扑管理\topics\1583397184308.html" />
                <node id="6693" name="新建xGWAgent代理" icon="book" format="html" doctype="操作类"
                    url="拓扑管理\topics\1583397197590.html" />
                <node id="6694" name="新建V3OMM代理" icon="book" format="html" doctype="操作类"
                    url="拓扑管理\topics\1599189933303（重用1）.html" />
                <node id="6695" name="管理代理" icon="book" format="html" doctype="操作类" url="拓扑管理\topics\管理代理.html" />
                <node id="6696" name="FAQ" icon="book" format="html" doctype="操作类"
                    url="拓扑管理\topics\1570583811584.html" />
            </node>
            <node id="6697" name="Pool管理" icon="book" format="html" doctype="操作类" url="拓扑管理\topics\1598927731861.html">
                <node id="6698" name="新建Pool" icon="book" format="html" doctype="操作类" url="拓扑管理\topics\Pool.html" />
            </node>
        </node>
        <node id="6699" name="告警管理" icon="book" doctype="操作类" format="html" url="nodes/告警管理.html">
            <node id="6700" name="告警管理概述" icon="book" format="html" doctype="操作类" url="告警管理\topics\概述.html">
                <node id="6701" name="实现原理" icon="book" format="html" doctype="操作类" url="告警管理\topics\实现原理.html" />
                <node id="6702" name="相关概念" icon="book" format="html" doctype="操作类" url="告警管理\topics\基本概念.html">
                    <node id="6703" name="告警和通知" icon="book" format="html" doctype="操作类" url="告警管理\topics\告警和通知.html" />
                    <node id="6704" name="告警级别" icon="book" format="html" doctype="操作类" url="告警管理\topics\告警级别.html" />
                    <node id="6705" name="告警状态" icon="book" format="html" doctype="操作类" url="告警管理\topics\告警状态.html" />
                </node>
                <node id="6706" name="告警页面介绍" icon="book" format="html" doctype="操作类" url="告警管理\topics\告警监控页面介绍.html" />
                <node id="6707" name="告警管理模块说明" icon="book" format="html" doctype="操作类"
                    url="告警管理\topics\告警管理模块说明.html" />
            </node>
            <node id="6708" name="监控告警和通知" icon="book" format="html" doctype="操作类" url="告警管理\topics\监控告警.html">
                <node id="6709" name="查询当前告警" icon="book" format="html" doctype="操作类" url="告警管理\topics\通知监控和查询.html">
                    <node id="6710" name="按自定义条件查询" icon="book" format="html" doctype="操作类"
                        url="告警管理\topics\1589246852073.html" />
                    <node id="6711" name="按告警级别查询" icon="book" format="html" doctype="操作类"
                        url="告警管理\topics\1589247990247.html" />
                    <node id="6712" name="按已有条件查询" icon="book" format="html" doctype="操作类"
                        url="告警管理\topics\1589248442619.html" />
                </node>
                <node id="6713" name="查询历史告警" icon="book" format="html" doctype="操作类" url="告警管理\topics\查询历史告警.html">
                    <node id="6714" name="按自定义条件查询" icon="book" format="html" doctype="操作类"
                        url="告警管理\topics\1589249690845.html" />
                    <node id="6715" name="按已有条件查询" icon="book" format="html" doctype="操作类"
                        url="告警管理\topics\1589251191925.html" />
                </node>
                <node id="6716" name="查询通知" icon="book" format="html" doctype="操作类"
                    url="告警管理\topics\1597314493363.html">
                    <node id="6717" name="查询通知信息" icon="book" format="html" doctype="操作类"
                        url="告警管理\topics\1589251647975.html" />
                    <node id="6718" name="监控通知信息" icon="book" format="html" doctype="操作类"
                        url="告警管理\topics\1589252275125.html" />
                </node>
                <node id="6719" name="查看告警详情" icon="book" format="html" doctype="操作类" url="告警管理\topics\查看告警详情.html" />
                <node id="6720" name="查看告警提示" icon="book" format="html" doctype="操作类"
                    url="告警管理\topics\1550741520978.html" />
                <node id="6721" name="查看当前告警统计" icon="book" format="html" doctype="操作类"
                    url="告警管理\topics\查看当前告警统计.html" />
                <node id="6722" name="查看历史告警统计" icon="book" format="html" doctype="操作类" url="告警管理\topics\查看历史告警统计.html">
                    <node id="6723" name="查看基础统计" icon="book" format="html" doctype="操作类"
                        url="告警管理\topics\历史告警基础统计.html" />
                    <node id="6724" name="查看忙时统计" icon="book" format="html" doctype="操作类"
                        url="告警管理\topics\历史告警忙时统计.html" />
                    <node id="6725" name="查看重要告警码统计" icon="book" format="html" doctype="操作类"
                        url="告警管理\topics\重要告警码统计.html" />
                    <node id="6726" name="查看故障/故障频次统计" icon="book" format="html" doctype="操作类"
                        url="告警管理\topics\故障故障频次统计.html" />
                </node>
            </node>
            <node id="6727" name="告警处理" icon="book" format="html" doctype="操作类" url="告警管理\topics\告警处理.html">
                <node id="6728" name="确认告警" icon="book" format="html" doctype="操作类" url="告警管理\topics\确认反确认告警.html" />
                <node id="6729" name="自定义告警处理建议" icon="book" format="html" doctype="操作类"
                    url="告警管理\topics\告警处理建议自定义.html">
                    <node id="6730" name="集中自定义处理建议" icon="book" format="html" doctype="操作类"
                        url="告警管理\topics\1589879933476.html" />
                    <node id="6731" name="单个自定义处理建议" icon="book" format="html" doctype="操作类"
                        url="告警管理\topics\1589880171843.html" />
                </node>
                <node id="6732" name="清除告警" icon="book" format="html" doctype="操作类" url="告警管理\topics\清除告警.html" />
                <node id="6733" name="前转告警" icon="book" format="html" doctype="操作类" url="告警管理\topics\告警前转.html" />
            </node>
            <node id="6734" name="管理告警和通知" icon="book" format="html" doctype="操作类" url="告警管理\topics\管理告警数据.html">
                <node id="6735" name="同步当前告警" icon="book" format="html" doctype="操作类" url="告警管理\topics\告警同步.html" />
                <node id="6736" name="导出告警" icon="book" format="html" doctype="操作类"
                    url="告警管理\topics\1589275755800.html">
                    <node id="6737" name="手动导出告警" icon="book" format="html" doctype="操作类" url="告警管理\topics\告警导出.html" />
                    <node id="6738" name="定时导出当前告警" icon="book" format="html" doctype="操作类"
                        url="告警管理\topics\管理定时输出任务.html" />
                    <node id="6739" name="定时导出历史告警" icon="book" format="html" doctype="操作类"
                        url="告警管理\topics\1597305168374.html" />
                </node>
                <node id="6740" name="手动导出通知" icon="book" format="html" doctype="操作类" url="告警管理\topics\导出通知.html" />
                <node id="6741" name="定时导出历史统计数据" icon="book" format="html" doctype="操作类"
                    url="告警管理\topics\管理定时统计任务.html" />
            </node>
            <node id="6742" name="告警设置" icon="book" format="html" doctype="操作类" url="告警管理\topics\设置告警.html">
                <node id="6743" name="设置告警属性" icon="book" format="html" doctype="操作类" url="告警管理\topics\告警视听设置.html">
                    <node id="6744" name="重定义告警级别" icon="book" format="html" doctype="操作类"
                        url="告警管理\topics\1589338834807.html" />
                    <node id="6745" name="设置告警提示的声音和颜色" icon="book" format="html" doctype="操作类"
                        url="告警管理\topics\1589349734296.html" />
                    <node id="6746" name="定制告警码" icon="book" format="html" doctype="操作类"
                        url="告警管理\topics\1589351449977.html" />
                    <node id="6747" name="设置告警提示" icon="book" format="html" doctype="操作类"
                        url="告警管理\topics\1589352484533.html" />
                    <node id="6748" name="设置前转模板" icon="book" format="html" doctype="操作类"
                        url="告警管理\topics\1589353862472.html" />
                    <node id="6749" name="设置历史告警自动确认" icon="book" format="html" doctype="操作类"
                        url="告警管理\topics\1589354211564.html" />
                    <node id="6750" name="设置自动同步任务" icon="book" format="html" doctype="操作类"
                        url="告警管理\topics\1589354533097.html" />
                    <node id="6751" name="设置锁定告警" icon="book" format="html" doctype="操作类"
                        url="告警管理\topics\1589355065412.html" />
                    <node id="6752" name="设置列定制模板" icon="book" format="html" doctype="操作类"
                        url="告警管理\topics\1614132862186.html" />
                </node>
                <node id="6753" name="设置告警处理规则" icon="book" format="html" doctype="操作类"
                    url="告警管理\topics\设置告警通知自动处理规则.html" />
                <node id="6754" name="设置告警抑制计划" icon="book" format="html" doctype="操作类"
                    url="告警管理\topics\设置告警抑制计划任务-1.html" />
            </node>
            <node id="6755" name="告警关联规则管理" icon="book" format="html" doctype="操作类" url="告警管理\topics\RCA规则管理.html">
                <node id="6756" name="导入规则包" icon="book" format="html" doctype="操作类" url="告警管理\topics\导入RCA规则包.html" />
                <node id="6757" name="新建关联规则" icon="book" format="html" doctype="操作类" url="告警管理\topics\创建RCA规则.html" />
                <node id="6758" name="查看根告警及其子告警" icon="book" format="html" doctype="操作类"
                    url="告警管理\topics\查看根告警及其衍生告警.html" />
            </node>
        </node>
        <node id="6759" name="性能管理" icon="book" doctype="操作类" format="html" url="nodes/性能管理.html">
            <node id="6760" name="性能管理概述" icon="book" format="html" doctype="操作类" url="性能管理\topics\1582508228938.html">
                <node id="6761" name="基本概念" icon="book" format="html" doctype="操作类"
                    url="性能管理\topics\1531193844201.html" />
                <node id="6762" name="实现原理" icon="book" format="html" doctype="操作类"
                    url="性能管理\topics\1531205830202.html" />
                <node id="6763" name="性能管理功能" icon="book" bkmk="topic1" format="html" doctype="操作类"
                    url="性能管理\topics\1531211415351.html" />
            </node>
            <node id="6770" name="应用场景" icon="book" format="html" doctype="操作类" url="性能管理\topics\t-0012155807.html">
                <node id="6771" name="系统初建时的性能管理操作" icon="book" format="html" doctype="操作类"
                    url="性能管理\topics\t-0012155808.html" />
                <node id="6772" name="日常维护时的性能管理操作" icon="book" format="html" doctype="操作类"
                    url="性能管理\topics\t-0012155811.html" />
                <node id="6773" name="特殊场景下的性能管理操作" icon="book" format="html" doctype="操作类"
                    url="性能管理\topics\t-0012155814.html" />
            </node>
            <node id="6774" name="性能任务管理" icon="book" format="html" doctype="操作类" url="性能管理\topics\t-0012155845.html">
                <node id="6775" name="测量任务管理" icon="book" format="html" doctype="操作类"
                    url="性能管理\topics\1582096024072.html">
                    <node id="6776" name="创建测量任务" icon="book" format="html" doctype="操作类"
                        url="性能管理\topics\t-0013586575.html" />
                    <node id="6777" name="激活测量任务" icon="book" format="html" doctype="操作类"
                        url="性能管理\topics\t-0013586599.html" />
                    <node id="6778" name="查询测量任务" icon="book" format="html" doctype="操作类"
                        url="性能管理\topics\1554280419756.html" />
                    <node id="6779" name="同步测量任务" icon="book" format="html" doctype="操作类"
                        url="性能管理\topics\t-0012155875.html" />
                </node>
                <node id="6780" name="性能门限任务管理" icon="book" format="html" doctype="操作类"
                    url="性能管理\topics\t-0013586679.html">
                    <node id="6781" name="新建普通性能门限任务" icon="book" format="html" doctype="操作类"
                        url="性能管理\topics\1617864473337.html" />
                    <node id="6782" name="新建历史统计对比任务" icon="book" format="html" doctype="操作类"
                        url="性能管理\topics\1617864477927.html" />
                    <node id="6783" name="新建历史同期对比任务" icon="book" format="html" doctype="操作类"
                        url="性能管理\topics\1617864482772.html" />
                    <node id="6784" name="新建复合条件任务" icon="book" format="html" doctype="操作类"
                        url="性能管理\topics\1617864488173.html" />
                </node>
                <node id="6785" name="检查性能数据完整性" icon="book" format="html" doctype="操作类"
                    url="性能管理\topics\t-0013586604.html" />
                <node id="6786" name="补采性能数据" icon="book" format="html" doctype="操作类"
                    url="性能管理\topics\t-0013586613.html" />
            </node>
            <node id="6787" name="性能数据查询" icon="book" format="html" doctype="操作类" url="性能管理\topics\t-0012155888.html">
                <node id="6788" name="查询历史性能数据" icon="book" format="html" doctype="操作类"
                    url="性能管理\topics\查询性能数据（普通查询）.html" />
                <node id="6789" name="我的导出" icon="book" format="html" doctype="操作类"
                    url="性能管理\topics\1554273953529.html" />
                <node id="6790" name="创建定时导出任务" icon="book" format="html" doctype="操作类"
                    url="性能管理\topics\t-0013586624.html" />
            </node>
            <node id="6791" name="性能数据监控" icon="book" format="html" doctype="操作类" url="性能管理\topics\t-0012155945.html">
                <node id="6792" name="创建实时监控任务" icon="book" format="html" doctype="操作类"
                    url="性能管理\topics\1579501359161.html" />
                <node id="6793" name="创建历史监控任务" icon="book" format="html" doctype="操作类"
                    url="性能管理\topics\t-0013586670.html" />
            </node>
            <node id="6794" name="测量对象和指标管理" icon="book" format="html" doctype="操作类"
                url="性能管理\topics\1582699786358.html">
                <node id="6795" name="指标管理" icon="book" format="html" doctype="操作类" url="性能管理\topics\t-0010981043.html">
                    <node id="6796" name="查询性能指标" icon="book" format="html" doctype="操作类"
                        url="性能管理\topics\1582788368763.html" />
                    <node id="6797" name="新建性能指标" icon="book" format="html" doctype="操作类"
                        url="性能管理\topics\1582788469683.html" />
                    <node id="6798" name="查询计数器" icon="book" format="html" doctype="操作类"
                        url="性能管理\topics\1582788245429.html" />
                    <node id="6799" name="查询测量对象类型" icon="book" format="html" doctype="操作类"
                        url="性能管理\topics\1582787586834.html" />
                    <node id="6800" name="查询网元类型" icon="book" format="html" doctype="操作类"
                        url="性能管理\topics\1582787376330.html" />
                </node>
                <node id="6801" name="创建指标模板" icon="book" format="html" doctype="操作类"
                    url="性能管理\topics\t-0013586616.html" />
                <node id="6802" name="查看测量对象" icon="book" format="html" doctype="操作类"
                    url="性能管理\topics\t-0013586550.html" />
                <node id="6803" name="创建测量对象模板" icon="book" format="html" doctype="操作类"
                    url="性能管理\topics\1555470499805.html" />
            </node>
        </node>
        <node id="6804" name="安全管理" icon="book" doctype="操作类" format="html" url="nodes/安全管理.html">
            <node id="6805" name="安全管理概述" icon="book" format="html" doctype="操作类" url="安全管理\topics\t-0012155289.html" />
            <node id="6806" name="基本概念" icon="book" format="html" doctype="操作类" url="安全管理\topics\1589955445920.html" />
            <node id="6807" name="安全管理页面介绍" icon="book" format="html" doctype="操作类"
                url="安全管理\topics\t-0012155293.html" />
            <node id="6808" name="创建用户账号" icon="book" format="html" doctype="操作类" url="安全管理\topics\t-0013499991.html">
                <node id="6809" name="新建操作集" icon="book" format="html" doctype="操作类"
                    url="安全管理\topics\t-0013499992.html" />
                <node id="6810" name="新建角色" icon="book" format="html" doctype="操作类" url="安全管理\topics\t-0013499997.html">
                    <node id="6811" name="新建区域安全管理员角色" icon="book" format="html" doctype="操作类"
                        url="安全管理\topics\1588833315517.html" />
                    <node id="6812" name="新建通用角色" icon="book" format="html" doctype="操作类"
                        url="安全管理\topics\1588834648542.html" />
                </node>
                <node id="6813" name="新建用户组" icon="book" format="html" doctype="操作类"
                    url="安全管理\topics\1587978869932.html" />
                <node id="6814" name="定制用户账户规则" icon="book" format="html" doctype="操作类"
                    url="安全管理\topics\t-0013500017.html" />
                <node id="6815" name="新建用户" icon="book" format="html" doctype="操作类"
                    url="安全管理\topics\t-0013500006.html" />
                <node id="6816" name="映射网元用户" icon="book" format="html" doctype="操作类"
                    url="安全管理\topics\1591171470862.html" />
            </node>
            <node id="6817" name="USPP受理用户管理" icon="book" format="html" doctype="操作类"
                url="安全管理\topics\1566982684043.html">
                <node id="6818" name="新建具有受理权限的角色" icon="book" format="html" doctype="操作类"
                    url="安全管理\topics\1566982685496.html" />
                <node id="6819" name="新建受理用户" icon="book" format="html" doctype="操作类"
                    url="安全管理\topics\1566982686058.html" />
                <node id="6820" name="同步UMM变化表" icon="book" format="html" doctype="操作类"
                    url="安全管理\topics\1567411481175.html" />
            </node>
            <node id="6821" name="用户管理日常操作" icon="book" format="html" doctype="操作类" url="安全管理\topics\t-0012155332.html">
                <node id="6822" name="查询和管理登录用户" icon="book" format="html" doctype="操作类"
                    url="安全管理\topics\t-0013500026.html" />
                <node id="6823" name="强制退出用户" icon="book" format="html" doctype="操作类"
                    url="安全管理\topics\t-0013500031.html" />
                <node id="6824" name="解锁用户" icon="book" format="html" doctype="操作类"
                    url="安全管理\topics\t-0013500033.html" />
                <node id="6825" name="禁用用户" icon="book" format="html" doctype="操作类"
                    url="安全管理\topics\1588908114816.html" />
                <node id="6826" name="批量修改用户密码" icon="book" format="html" doctype="操作类"
                    url="安全管理\topics\t-0013500039.html" />
                <node id="6827" name="批量绑定账户规则" icon="book" format="html" doctype="操作类"
                    url="安全管理\topics\1588908567506.html" />
            </node>
            <node id="6828" name="接入系统" icon="book" format="html" doctype="操作类" url="安全管理\topics\1655263423386.html">
                <node id="6829" name="接入下级系统" icon="book" format="html" doctype="操作类"
                    url="安全管理\topics\1655199422853.html" />
                <node id="6830" name="收集下级系统角色" icon="book" format="html" doctype="操作类"
                    url="安全管理\topics\1655263401960.html" />
            </node>
            <node id="6831" name="下发安全管理用户" icon="book" format="html" doctype="操作类"
                url="安全管理\topics\1655208406687.html" />
            <node id="6832" name="安全数据维护" icon="book" format="html" doctype="操作类" url="安全管理\topics\1589943283639.html">
                <node id="6833" name="参数设置" icon="book" format="html" doctype="操作类"
                    url="安全管理\topics\1588986406181.html">
                    <node id="6834" name="设置用户闲置退出时间" icon="book" format="html" doctype="操作类"
                        url="安全管理\topics\1588923359116.html" />
                    <node id="6835" name="设置同名用户同时登录数限制" icon="book" format="html" doctype="操作类"
                        url="安全管理\topics\1588923974910.html" />
                    <node id="6836" name="修改登录横幅信息" icon="book" format="html" doctype="操作类"
                        url="安全管理\topics\1550819055074.html" />
                </node>
                <node id="6837" name="认证方式配置" icon="book" format="html" doctype="操作类" url="安全管理\topics\认证方式配置.html">
                    <node id="6838" name="配置本地认证" icon="book" format="html" doctype="操作类" url="安全管理\topics\本地认证.html" />
                    <node id="6839" name="配置中移4A认证" icon="book" format="html" doctype="操作类"
                        url="安全管理\topics\中移4A认证.html" />
                    <node id="6840" name="配置Radius认证" icon="book" format="html" doctype="操作类"
                        url="安全管理\topics\Radius认证.html" />
                    <node id="6841" name="配置LDAP/LDAPS认证" icon="book" format="html" doctype="操作类"
                        url="安全管理\topics\1550822738132.html" />
                    <node id="6842" name="配置LDAP/LDAPS+本地认证" icon="book" format="html" doctype="操作类"
                        url="安全管理\topics\1569033068965.html" />
                    <node id="6843" name="配置4A票据认证" icon="book" format="html" doctype="操作类"
                        url="安全管理\topics\1583910984664.html" />
                    <node id="6844" name="配置NFV票据认证" icon="book" format="html" doctype="操作类"
                        url="安全管理\topics\1591778170513.html" />
                    <node id="6845" name="配置OTCP票据认证" icon="book" format="html" doctype="操作类"
                        url="安全管理\topics\1591779883660.html" />
                </node>
                <node id="6846" name="开启金库模式" icon="book" format="html" doctype="操作类"
                    url="安全管理\topics\1591166482954.html" />
                <node id="6847" name="安全数据管理" icon="book" format="html" doctype="操作类"
                    url="安全管理\topics\1599014584730.html">
                    <node id="6848" name="备份用户管理数据" icon="book" format="html" doctype="操作类"
                        url="安全管理\topics\1588924207633.html" />
                    <node id="6849" name="恢复用户管理数据" icon="book" format="html" doctype="操作类"
                        url="安全管理\topics\1588988581186.html" />
                </node>
            </node>
        </node>
        <node id="6850" name="日志管理" icon="book" doctype="操作类" format="html" url="nodes/日志管理.html">
            <node id="6851" name="日志管理概述" icon="book" format="html" doctype="操作类" url="日志管理\topics\t-0012155557.html" />
            <node id="6852" name="查询日志" icon="book" format="html" doctype="操作类" url="日志管理\topics\t-0012155558.html">
                <node id="6853" name="查询操作日志" icon="book" format="html" doctype="操作类"
                    url="日志管理\topics\1583914568801.html" />
                <node id="6854" name="查询安全日志" icon="book" format="html" doctype="操作类"
                    url="日志管理\topics\1583917777660.html" />
                <node id="6855" name="查询系统日志" icon="book" format="html" doctype="操作类"
                    url="日志管理\topics\1583919220660.html" />
            </node>
            <node id="6856" name="查看日志统计信息" icon="book" format="html" doctype="操作类"
                url="日志管理\topics\t-0013500262.html" />
            <node id="6857" name="导出日志" icon="book" format="html" doctype="操作类" url="日志管理\topics\网元日志信息查询.html">
                <node id="6858" name="导出日志到FTP服务器" icon="book" format="html" doctype="操作类"
                    url="日志管理\topics\1590041431632.html" />
                <node id="6859" name="导出日志到Syslog服务器" icon="book" format="html" doctype="操作类"
                    url="日志管理\topics\1590043383337.html" />
            </node>
        </node>
        <node id="6860" name="配置管理" icon="book" doctype="操作类" format="html" url="nodes/配置管理.html">
            <node id="6861" name="命令终端" icon="book" format="html" doctype="操作类" url="配置管理\topics\1555486444008.html">
                <node id="6862" name="命令终端概述" icon="book" format="html" doctype="操作类"
                    url="配置管理\topics\t-0012155808.html" />
                <node id="6863" name="按图形窗口执行命令" icon="book" format="html" doctype="操作类"
                    url="配置管理\topics\t-0013586550.html">
                    <node id="6864" name="保存命令执行结果" icon="book" format="html" doctype="操作类"
                        url="配置管理\topics\t-0013586604.html" />
                    <node id="6865" name="查看操作记录" icon="book" format="html" doctype="操作类"
                        url="配置管理\topics\t-0012155875.html" />
                    <node id="6866" name="获取命令帮助" icon="book" format="html" doctype="操作类"
                        url="配置管理\topics\t-0013586599.html" />
                </node>
                <node id="6867" name="批量执行命令" icon="book" format="html" doctype="操作类"
                    url="配置管理\topics\t-0013586613.html" />
                <node id="6868" name="创建定时任务" icon="book" format="html" doctype="操作类"
                    url="配置管理\topics\t-0013586616.html" />
                <node id="6869" name="创建群发脚本" icon="book" format="html" doctype="操作类"
                    url="配置管理\topics\1550739065159.html" />
                <node id="6870" name="配置MML参数" icon="book" format="html" doctype="操作类"
                    url="配置管理\topics\1614237158321.html" />
            </node>
            <node id="6871" name="脚本设计器" icon="book" format="html" doctype="操作类"
                searchtitle="UMER18_Open_Script_Designer" url="配置管理\topics\2-脚本设计器概述.html">
                <node id="6872" name="管理脚本工程" icon="book" format="html" doctype="操作类" url="配置管理\topics\4-脚本工程管理.html" />
                <node id="6873" name="使用脚本设计器" icon="book" format="html" doctype="操作类" url="配置管理\topics\使用脚本编辑器.html">
                    <node id="6874" name="应用工程页面介绍" icon="book" format="html" doctype="操作类"
                        url="配置管理\topics\脚本编辑器页面介绍.html" />
                    <node id="6875" name="脚本应用工程文件说明" icon="book" format="html" doctype="操作类"
                        url="配置管理\topics\6-脚本工程文件说明.html" />
                    <node id="6876" name="管理参数" icon="book" format="html" doctype="操作类"
                        url="配置管理\topics\1608799344055.html" />
                    <node id="6877" name="获取在线帮助" icon="book" format="html" doctype="操作类"
                        url="配置管理\topics\获取在线帮助.html" />
                    <node id="6878" name="编写脚本" icon="book" format="html" doctype="操作类"
                        url="配置管理\topics\5-编译脚本工程.html" />
                    <node id="6879" name="发布脚本工程" icon="book" format="html" doctype="操作类"
                        url="配置管理\topics\发布脚本工程.html" />
                </node>
                <node id="6880" name="工作流应用工程页面介绍" icon="book" format="html" doctype="操作类"
                    url="配置管理\topics\中文前言-20161102.html" />
                <node id="6881" name="编程指南" icon="book" format="html" doctype="操作类"
                    url="配置管理\topics\1611200133502.html">
                    <node id="6882" name="脚本应用开发SDK" icon="book" format="html" doctype="操作类"
                        url="配置管理\topics\1611200127946.html" />
                    <node id="6883" name="脚本应用开发示例" icon="book" format="html" doctype="操作类"
                        url="配置管理\topics\1615000931760.html">
                        <node id="6884" name="FTP/SFTP操作" icon="book" format="html" doctype="操作类"
                            url="配置管理\topics\1615000781601.html" />
                        <node id="6885" name="调用RESTful接口" icon="book" format="html" doctype="操作类"
                            url="配置管理\topics\1615000976701.html" />
                        <node id="6886" name="调用UCLI命令" icon="book" format="html" doctype="操作类"
                            url="配置管理\topics\1615000980149.html" />
                        <node id="6887" name="读写文件" icon="book" format="html" doctype="操作类"
                            url="配置管理\topics\1615000983494.html" />
                        <node id="6888" name="获取路径" icon="book" format="html" doctype="操作类"
                            url="配置管理\topics\1615000986910.html" />
                        <node id="6889" name="获取上下文" icon="book" format="html" doctype="操作类"
                            url="配置管理\topics\1615001050816.html" />
                        <node id="6890" name="记录日志" icon="book" format="html" doctype="操作类"
                            url="配置管理\topics\1615001054395.html" />
                        <node id="6891" name="压缩与解压缩文件" icon="book" format="html" doctype="操作类"
                            url="配置管理\topics\1615001057935.html" />
                        <node id="6892" name="设置关键步骤及执行进度" icon="book" format="html" doctype="操作类"
                            url="配置管理\topics\1625823124217.html" />
                        <node id="6893" name="网元选择器" icon="book" format="html" doctype="操作类"
                            url="配置管理\topics\1629786517201.html" />
                        <node id="6894" name="资源选择器" icon="book" format="html" doctype="操作类"
                            url="配置管理\topics\1639656036155.html" />
                        <node id="6895" name="聚合表格" icon="book" format="html" doctype="操作类"
                            url="配置管理\topics\1631675758853.html" />
                    </node>
                    <node id="6896" name="脚本参数设置指南" icon="book" format="html" doctype="操作类"
                        url="配置管理\topics\1615800298263.html">
                        <node id="6897" name="新建String类型参数" icon="book" format="html" doctype="操作类"
                            url="配置管理\topics\1615806992114.html" />
                        <node id="6898" name="新建Number类型参数" icon="book" format="html" doctype="操作类"
                            url="配置管理\topics\1615807198142.html" />
                        <node id="6899" name="新建Password类型参数" icon="book" format="html" doctype="操作类"
                            url="配置管理\topics\1615807254834.html" />
                        <node id="6900" name="新建Switch类型参数" icon="book" format="html" doctype="操作类"
                            url="配置管理\topics\1615807236601.html" />
                        <node id="6901" name="新建Enum类型参数" icon="book" format="html" doctype="操作类"
                            url="配置管理\topics\1615807274565.html" />
                        <node id="6902" name="新建List类型参数" icon="book" format="html" doctype="操作类"
                            url="配置管理\topics\1615807312649.html" />
                        <node id="6903" name="新建IP类型参数" icon="book" format="html" doctype="操作类"
                            url="配置管理\topics\1615807327945.html" />
                        <node id="6904" name="新建NE类型参数" icon="book" format="html" doctype="操作类"
                            url="配置管理\topics\1615807346331.html" />
                        <node id="6905" name="新建Resource类型参数" icon="book" format="html" doctype="操作类"
                            url="配置管理\topics\1637571360772.html" />
                        <node id="6906" name="新建Date类型参数" icon="book" format="html" doctype="操作类"
                            url="配置管理\topics\1615807363976.html" />
                        <node id="6907" name="新建DateRange类型参数" icon="book" format="html" doctype="操作类"
                            url="配置管理\topics\1615807384339.html" />
                        <node id="6908" name="新建File类型参数" icon="book" format="html" doctype="操作类"
                            url="配置管理\topics\1615807290831.html" />
                        <node id="6909" name="新建RestDynamic类型参数" icon="book" format="html" doctype="操作类"
                            url="配置管理\topics\1615807407597.html" />
                    </node>
                    <node id="6910" name="脚本参数设置联动效果" icon="book" format="html" doctype="操作类"
                        url="配置管理\topics\1641366981673.html" />
                    <node id="6911" name="脚本应用开发快捷键" icon="book" format="html" doctype="操作类"
                        url="配置管理\topics\中文前言-20161102-747d215668184ad59c39c172435b5e0a.html" />
                    <node id="6912" name="工作流应用开发指南" icon="book" format="html" doctype="操作类"
                        url="配置管理\topics\1614858738697.html" />
                    <node id="6913" name="工作流应用开发示例" icon="book" format="html" doctype="操作类"
                        url="配置管理\topics\1615000743897.html">
                        <node id="6914" name="顺序任务" icon="book" format="html" doctype="操作类"
                            url="配置管理\topics\1614858660016.html" />
                        <node id="6915" name="分支任务" icon="book" format="html" doctype="操作类"
                            url="配置管理\topics\1614860833121.html" />
                        <node id="6916" name="循环任务" icon="book" format="html" doctype="操作类"
                            url="配置管理\topics\1614908695276.html" />
                    </node>
                </node>
            </node>
            <node id="6917" name="脚本执行引擎" icon="book" format="html" doctype="操作类" url="配置管理\topics\1537148480156.html">
                <node id="6918" name="管理应用" icon="book" format="html" doctype="操作类"
                    url="配置管理\topics\1537150435526.html" />
                <node id="6919" name="管理任务" icon="book" format="html" doctype="操作类"
                    url="配置管理\topics\1561096848633.html" />
                <node id="6920" name="查询结果" icon="book" format="html" doctype="操作类"
                    url="配置管理\topics\1595387922966.html" />
            </node>
            <node id="6921" name="进入RCP策略管理窗口" icon="book" format="html" doctype="操作类"
                url="配置管理\topics\1591417465233.html" />
            <node id="6922" name="进入核心网受理台窗口" icon="book" format="html" doctype="操作类"
                url="配置管理\topics\1599210268815.html" />
            <node id="6923" name="查看离线配置变化表" icon="book" format="html" doctype="操作类"
                url="配置管理\topics\1622171836815.html" />
            <node id="6924" name="MEP管理" icon="book" format="html" doctype="操作类" url="配置管理\topics\1620633306513.html">
                <node id="6925" name="导入网元模型包" icon="book" format="html" doctype="操作类"
                    url="配置管理\topics\1620715700064.html" />
                <node id="6926" name="导入插件" icon="book" format="html" doctype="操作类" url="配置管理\topics\操作任务（空）.html" />
                <node id="6927" name="通用配置" icon="book" format="html" doctype="操作类" url="配置管理\topics\现网区数据配置.html">
                    <node id="6928" name="通过MO编辑器配置MEP数据" icon="book" format="html" doctype="操作类"
                        url="配置管理\topics\修改现网区数据.html" />
                    <node id="6929" name="修改网元密码" icon="book" format="html" doctype="操作类"
                        url="配置管理\topics\1582248640678.html" />
                    <node id="6930" name="修改规划区数据（JSON编辑器方式）" icon="book" format="html" doctype="操作类"
                        url="配置管理\topics\1545377079890.html" />
                </node>
                <node id="6931" name="通过参数模板导入导出数据" icon="book" format="html" doctype="操作类"
                    url="配置管理\topics\1774208.html" />
                <node id="6932" name="规划区管理" icon="book" format="html" doctype="操作类" url="配置管理\topics\创建规划区.html" />
                <node id="6933" name="新建参数模板" icon="book" format="html" doctype="操作类" url="配置管理\topics\配置MO模板.html" />
                <node id="6934" name="网元备份恢复" icon="book" format="html" doctype="操作类"
                    url="配置管理\topics\1574921787078.html">
                    <node id="6935" name="备份网元数据" icon="book" format="html" doctype="操作类"
                        url="配置管理\topics\1574922057073.html" />
                    <node id="6936" name="恢复网元数据" icon="book" format="html" doctype="操作类"
                        url="配置管理\topics\1574922080268.html" />
                </node>
                <node id="6937" name="配置工具" icon="book" format="html" doctype="操作类" url="配置管理\topics\配置工具.html">
                    <node id="6938" name="同步网元数据" icon="book" format="html" doctype="操作类"
                        url="配置管理\topics\网元数据上载.html" />
                    <node id="6939" name="创建回滚区" icon="book" format="html" doctype="操作类"
                        url="配置管理\topics\规划区数据回滚.html" />
                    <node id="6940" name="监控任务" icon="book" format="html" doctype="操作类" url="配置管理\topics\配置任务监控.html" />
                    <node id="6941" name="常用工具" icon="book" format="html" doctype="操作类"
                        url="配置管理\topics\1561521896858.html" />
                </node>
            </node>
        </node>
        <node id="6942" name="信令跟踪" icon="book" doctype="操作类" format="html" url="nodes/信令跟踪.html">
            <node id="6943" name="端到端跟踪" icon="book" format="html" doctype="操作类" url="信令跟踪\topics\1567127786235.html">
                <node id="6944" name="用户跟踪" icon="book" format="html" doctype="操作类"
                    url="信令跟踪\topics\1585101969084.html" />
                <node id="6945" name="Pool跟踪" icon="book" format="html" doctype="操作类"
                    url="信令跟踪\topics\1595833487546.html" />
            </node>
            <node id="6946" name="CN跟踪（OAM）" icon="book" format="html" doctype="操作类"
                url="信令跟踪\topics\1559097457134.html">
                <node id="6947" name="通用操作" icon="book" format="html" doctype="操作类"
                    url="信令跟踪\topics\1567151485186.html">
                    <node id="6948" name="新建跟踪任务" icon="book" format="html" doctype="操作类"
                        url="信令跟踪\topics\1567128770257.html" />
                    <node id="6949" name="启动跟踪任务" icon="book" format="html" doctype="操作类"
                        url="信令跟踪\topics\1567128770601.html" />
                    <node id="6950" name="停止跟踪任务" icon="book" format="html" doctype="操作类"
                        url="信令跟踪\topics\1567128770929.html" />
                    <node id="6951" name="修改跟踪任务" icon="book" format="html" doctype="操作类"
                        url="信令跟踪\topics\1567128771148.html" />
                    <node id="6952" name="删除跟踪任务" icon="book" format="html" doctype="操作类"
                        url="信令跟踪\topics\1567128771476.html" />
                    <node id="6953" name="查看网元状态" icon="book" format="html" doctype="操作类"
                        url="信令跟踪\topics\1567128771695.html" />
                    <node id="6954" name="实时监控跟踪数据" icon="book" format="html" doctype="操作类"
                        url="信令跟踪\topics\1567128772023.html" />
                    <node id="6955" name="查看历史跟踪数据" icon="book" format="html" doctype="操作类"
                        url="信令跟踪\topics\1567128772476.html" />
                    <node id="6956" name="查看详细码流" icon="book" format="html" doctype="操作类"
                        url="信令跟踪\topics\1567128772914.html" />
                    <node id="6957" name="保存数据" icon="book" format="html" doctype="操作类"
                        url="信令跟踪\topics\1567128773242.html" />
                    <node id="6958" name="导出数据" icon="book" format="html" doctype="操作类"
                        url="信令跟踪\topics\1567128773570.html" />
                </node>
                <node id="6959" name="SIG信令跟踪" icon="book" format="html" doctype="操作类"
                    url="信令跟踪\topics\1567131957507.html">
                    <node id="6960" name="基于偶联ID的SCTP跟踪" icon="book" format="html" doctype="操作类"
                        url="信令跟踪\topics\1567071223913.html" />
                    <node id="6961" name="基于端口号的SCTP跟踪" icon="book" format="html" doctype="操作类"
                        url="信令跟踪\topics\1567071224368.html" />
                    <node id="6962" name="基于IP+PORT的SCTP跟踪" icon="book" format="html" doctype="操作类"
                        url="信令跟踪\topics\1567071224837.html" />
                    <node id="6963" name="M3UA偶联跟踪" icon="book" format="html" doctype="操作类"
                        url="信令跟踪\topics\1567071225291.html" />
                    <node id="6964" name="M3UA丢弃消息跟踪" icon="book" format="html" doctype="操作类"
                        url="信令跟踪\topics\1567071225635.html" />
                    <node id="6965" name="NIF丢弃消息跟踪" icon="book" format="html" doctype="操作类"
                        url="信令跟踪\topics\1567071226478.html" />
                    <node id="6966" name="SCCP跟踪" icon="book" format="html" doctype="操作类"
                        url="信令跟踪\topics\1567071228572.html" />
                    <node id="6967" name="SCCP丢弃消息跟踪" icon="book" format="html" doctype="操作类"
                        url="信令跟踪\topics\1567071228963.html" />
                </node>
                <node id="6968" name="SIG失败观察" icon="book" format="html" doctype="操作类"
                    url="信令跟踪\topics\1567131953475.html">
                    <node id="6969" name="SCCP失败观察" icon="book" format="html" doctype="操作类"
                        url="信令跟踪\topics\1567071229323.html" />
                </node>
                <node id="6970" name="AMF用户信令跟踪" icon="book" format="html" doctype="操作类"
                    url="信令跟踪\topics\1567132329288.html" />
                <node id="6971" name="AMF业务失败观察" icon="book" format="html" doctype="操作类"
                    url="信令跟踪\topics\1567132407980.html" />
                <node id="6972" name="SGSN&amp;MME用户信令跟踪" icon="book" format="html" doctype="操作类"
                    url="信令跟踪\topics\1585118718262.html" />
                <node id="6973" name="SGSN&amp;MME失败观察" icon="book" format="html" doctype="操作类"
                    url="信令跟踪\topics\1585120505772.html" />
            </node>
            <node id="6974" name="CN跟踪（OMM）" icon="book" format="html" doctype="操作类"
                url="信令跟踪\topics\1587522695226.html">
                <node id="6975" name="设置IE浏览器" icon="book" format="html" doctype="操作类"
                    url="信令跟踪\topics\1587523005354.html" />
                <node id="6976" name="进入跟踪信令窗口" icon="book" format="html" doctype="操作类"
                    url="信令跟踪\topics\1587526046006.html" />
            </node>
            <node id="6977" name="设置" icon="book" format="html" doctype="操作类" url="信令跟踪\topics\1567128773695.html">
                <node id="6978" name="信令数据存储设置" icon="book" format="html" doctype="操作类"
                    url="信令跟踪\topics\1567128774304.html" />
                <node id="6979" name="原因码设置" icon="book" format="html" doctype="操作类"
                    url="信令跟踪\topics\1585187255172.html" />
            </node>
            <node id="6980" name="工具" icon="book" format="html" doctype="操作类" url="信令跟踪\topics\1567128774523.html">
                <node id="6981" name="查看离线数据" icon="book" format="html" doctype="操作类"
                    url="信令跟踪\topics\1567128775305.html" />
            </node>
        </node>
        <node id="6982" name="备份与恢复" icon="book" doctype="操作类" format="html" url="nodes/备份与恢复.html">
            <node id="6983" name="备份与恢复简介" icon="book" format="html" doctype="操作类" url="备份与恢复\topics\0.html" />
            <node id="6984" name="注意事项" icon="book" format="html" doctype="操作类" url="备份与恢复\topics\1.html" />
            <node id="6985" name="NF数据备份恢复" icon="book" format="html" doctype="操作类" url="备份与恢复\topics\2.html">
                <node id="6986" name=" 手工备份NF数据" icon="book" format="html" doctype="操作类" url="备份与恢复\topics\3.html" />
                <node id="6987" name="自动备份NF数据" icon="book" format="html" doctype="操作类" url="备份与恢复\topics\4.html" />
            </node>
            <node id="6988" name="NF数据恢复操作" icon="book" format="html" doctype="操作类"
                url="备份与恢复\topics\1637984792668.html">
                <node id="6989" name="原局恢复NF数据" icon="book" format="html" doctype="操作类"
                    url="备份与恢复\topics\1637977966780.html">
                    <node id="6990" name="操作前准备与条件" icon="book" format="html" doctype="操作类"
                        url="备份与恢复\topics\1637978739700.html" />
                    <node id="6991" name="恢复配置数据和数据同步" icon="book" format="html" doctype="操作类"
                        url="备份与恢复\topics\1637979435210.html" />
                    <node id="6992" name="数据检查与测试基本业务" icon="book" format="html" doctype="操作类"
                        url="备份与恢复\topics\1637984181320.html" />
                    <node id="6993" name="数据恢复异常处理" icon="book" format="html" doctype="操作类"
                        url="备份与恢复\topics\1637984207230.html" />
                </node>
                <node id="6994" name="本局重新实例化后恢复NF数据" icon="book" format="html" doctype="操作类"
                    url="备份与恢复\topics\1637984618395.html">
                    <node id="6995" name="操作前准备与条件" icon="book" format="html" doctype="操作类"
                        url="备份与恢复\topics\1637984588945.html" />
                    <node id="6996" name="申请新License文件并加载" icon="book" format="html" doctype="操作类"
                        url="备份与恢复\topics\1637984589165.html" />
                    <node id="6997" name="备份新实例化网元的空局数据" icon="book" format="html" doctype="操作类"
                        url="备份与恢复\topics\1637984589375.html" />
                    <node id="6998" name="恢复配置数据并重启全局" icon="book" format="html" doctype="操作类"
                        url="备份与恢复\topics\1637984589735.html" />
                    <node id="6999" name="数据检查与测试基本业务" icon="book" format="html" doctype="操作类"
                        url="备份与恢复\topics\1637984589935.html" />
                    <node id="7000" name="数据恢复异常处理" icon="book" format="html" doctype="操作类"
                        url="备份与恢复\topics\1637984590145.html" />
                </node>
                <node id="7001" name="从他局恢复数据" icon="book" format="html" doctype="操作类"
                    url="备份与恢复\topics\1637984685366.html">
                    <node id="7002" name="操作前准备与条件" icon="book" format="html" doctype="操作类"
                        url="备份与恢复\topics\1637984714231.html" />
                    <node id="7003" name="恢复配置数据并重启全局" icon="book" format="html" doctype="操作类"
                        url="备份与恢复\topics\1637984714591.html" />
                    <node id="7004" name="数据检查与测试基本业务" icon="book" format="html" doctype="操作类"
                        url="备份与恢复\topics\1637984714791.html" />
                    <node id="7005" name="数据恢复异常处理" icon="book" format="html" doctype="操作类"
                        url="备份与恢复\topics\1637984715001.html" />
                </node>
                <node id="7006" name="恢复完整VNF数据场景" icon="book" format="html" doctype="操作类"
                    url="备份与恢复\topics\1637991527148.html">
                    <node id="7007" name="操作前准备与条件" icon="book" format="html" doctype="操作类"
                        url="备份与恢复\topics\1637984872962.html" />
                    <node id="7008" name="恢复配置数据并重启全局" icon="book" format="html" doctype="操作类"
                        url="备份与恢复\topics\1637984873152.html" />
                    <node id="7009" name="数据检查与测试基本业务" icon="book" format="html" doctype="操作类"
                        url="备份与恢复\topics\1637984873342.html" />
                    <node id="7010" name="数据恢复异常处理" icon="book" format="html" doctype="操作类"
                        url="备份与恢复\topics\1637984873532.html" />
                </node>
                <node id="7011" name="自动备份NF数据使用说明" icon="book" format="html" doctype="操作类"
                    url="备份与恢复\topics\1644391773762.html">
                    <node id="7012" name="区分对象集合备份的数据恢复 " icon="book" format="html" doctype="操作类"
                        url="备份与恢复\topics\1644392102351.html" />
                    <node id="7013" name="自动备份所有对象集合的配置数据" icon="book" format="html" doctype="操作类"
                        url="备份与恢复\topics\操作任务.html" />
                </node>
            </node>
        </node>
        <node id="7014" name="例行维护" icon="book" doctype="操作类" format="html" url="nodes/例行维护.html">
            <node id="7015" name="例行维护概述" icon="book" bkmk="zab346efc638044248f18b4c2298aead3" format="html"
                doctype="操作类" url="例行维护\topics\1585639162681.html" />
            <node id="7019" name="日例行维护" icon="book" format="html" doctype="操作类" url="例行维护\topics\1582166837026.html">
                <node id="7020" name="检查当前告警" icon="book" format="html" doctype="操作类"
                    url="例行维护\topics\1582181944267.html" />
                <node id="7021" name="检查CPU/内存使用率" icon="book" format="html" doctype="操作类"
                    url="例行维护\topics\1582181944677.html" />
                <node id="7022" name="检查日志信息" icon="book" format="html" doctype="操作类"
                    url="例行维护\topics\1582181944887.html" />
                <node id="7023" name="检查关键性能指标" icon="book" format="html" doctype="操作类"
                    url="例行维护\topics\1615172989762.html" />
            </node>
            <node id="7024" name="周例行维护" icon="book" format="html" doctype="操作类" url="例行维护\topics\1582166839476.html">
                <node id="7025" name="检查历史告警" icon="book" format="html" doctype="操作类"
                    url="例行维护\topics\1582181945217.html" />
                <node id="7026" name="检查硬盘空间" icon="book" format="html" doctype="操作类"
                    url="例行维护\topics\1582181945527.html" />
                <node id="7027" name="检查系统自动备份" icon="book" format="html" doctype="操作类"
                    url="例行维护\topics\1582181945837.html" />
                <node id="7028" name="执行网元巡检任务" icon="book" format="html" doctype="操作类"
                    url="例行维护\topics\1615173011703.html" />
                <node id="7029" name="检查防病毒软件" icon="book" format="html" doctype="操作类"
                    url="例行维护\topics\1582166841446.html" />
            </node>
            <node id="7030" name="月例行维护" icon="book" format="html" doctype="操作类" url="例行维护\topics\1582166841666.html">
                <node id="7031" name="手工备份配置数据" icon="book" format="html" doctype="操作类"
                    url="例行维护\topics\1585704428019.html" />
            </node>
            <node id="7032" name="年例行维护" icon="book" format="html" doctype="操作类" url="例行维护\topics\1582166843356.html">
                <node id="7033" name="检查机房灰尘" icon="book" format="html" doctype="操作类"
                    url="例行维护\topics\1582166844166.html" />
            </node>
        </node>
    </node>
</nodes>