<?xml version="1.0" encoding="utf-8"?>
<nodes>
    <node id="6313" name="安装与调试" icon="book" doctype="安装类" format="html" url="nodes/安装与调试.html">
        <node id="6314" name="软件安装（AIC）-SDN" icon="book" doctype="安装类" format="html" url="nodes/软件安装（AIC）-SDN.html">
            <node id="6315" name="安装概述" icon="book" format="html" doctype="安装类"
                url="软件安装（AIC）-SDN\topics\1-安装概述.html">
                <node id="6316" name="安装场景" icon="book" format="html" doctype="安装类"
                    url="软件安装（AIC）-SDN\topics\1660707654168.html" />
                <node id="6317" name="安装导读" icon="book" format="html" doctype="安装类"
                    url="软件安装（AIC）-SDN\topics\1-安装导读.html" />
                <node id="6318" name="安装前准备" icon="book" format="html" doctype="安装类"
                    url="软件安装（AIC）-SDN\topics\3-安装准备.html">
                    <node id="6319" name="获取版本文件" icon="book" format="html" doctype="安装类"
                        url="软件安装（AIC）-SDN\topics\9-获取版本文件.html" />
                    <node id="6320" name="客户端准备" icon="book" format="html" doctype="安装类"
                        url="软件安装（AIC）-SDN\topics\3-软件准备.html" />
                    <node id="6321" name="VIM侧的数据准备" icon="book" format="html" doctype="安装类"
                        url="软件安装（AIC）-SDN\topics\6-VIM侧的数据准备.html" />
                    <node id="6322" name="MANO侧的数据准备" icon="book" format="html" doctype="安装类"
                        url="软件安装（AIC）-SDN\topics\6-MONA侧的数据准备.html" />
                    <node id="6323" name="查询VNFM用户的权限" icon="book" format="html" doctype="安装类"
                        url="软件安装（AIC）-SDN\topics\7-查询VNFM用户的权限.html" />
                </node>
            </node>
            <node id="6324" name="数据规划" icon="book" format="html" doctype="安装类"
                url="软件安装（AIC）-SDN\topics\4-网络数据规划.html">
                <node id="6325" name="基础数据规划" icon="book" format="html" doctype="安装类"
                    url="软件安装（AIC）-SDN\topics\4-基础数据规划(AMF).html" />
                <node id="6326" name="SDN组网规划" icon="book" format="html" doctype="安装类"
                    url="软件安装（AIC）-SDN\topics\4-SDN组网规划(AMF).html" />
            </node>
            <node id="6327" name="SDN侧的数据配置" icon="book" format="html" doctype="安装类"
                url="软件安装（AIC）-SDN\topics\5-SDN的数据准备.html">
                <node id="6328" name="配置SDN侧的数据" icon="book" format="html" doctype="安装类"
                    url="软件安装（AIC）-SDN\topics\5-配置SDN侧的数据.html" />
                <node id="6329" name="配置到VNF的出向路由" icon="book" format="html" doctype="安装类"
                    url="软件安装（AIC）-SDN\topics\5-配置到VNF的出向路由.html" />
                <node id="6330" name="配置SDN直连设备的数据" icon="book" format="html" doctype="安装类"
                    url="软件安装（AIC）-SDN\topics\5-配置直连设备的数据.html" />
                <node id="6331" name="配置非直连邻接设备的数据" icon="book" format="html" doctype="安装类"
                    url="软件安装（AIC）-SDN\topics\5-配置非直连邻接设备的数据.html" />
            </node>
            <node id="6332" name="VNF的部署" icon="book" format="html" doctype="安装类"
                url="软件安装（AIC）-SDN\topics\15-VNF的部署.html">
                <node id="6333" name="创建工程" icon="book" format="html" doctype="安装类"
                    url="软件安装（AIC）-SDN\topics\16-创建工程.html" />
                <node id="6334" name="LLD配置" icon="book" format="html" doctype="安装类"
                    url="软件安装（AIC）-SDN\topics\40-LLD配置.html">
                    <node id="6335" name="Global Setting" icon="book" format="html" doctype="安装类"
                        url="软件安装（AIC）-SDN\topics\41-Global Setting.html" />
                    <node id="6336" name="VIM Controller Info" icon="book" format="html" doctype="安装类"
                        url="软件安装（AIC）-SDN\topics\42-VIM Controller Info.html" />
                    <node id="6337" name="Host Aggregate" icon="book" format="html" doctype="安装类"
                        url="软件安装（AIC）-SDN\topics\43-Host Aggregate.html" />
                    <node id="6338" name="MANO Info" icon="book" format="html" doctype="安装类"
                        url="软件安装（AIC）-SDN\topics\44-MANO Info.html" />
                    <node id="6339" name=" VNF ID" icon="book" format="html" doctype="安装类"
                        url="软件安装（AIC）-SDN\topics\45-VNF ID.html" />
                    <node id="6340" name="VNF Resource Prefix" icon="book" format="html" doctype="安装类"
                        url="软件安装（AIC）-SDN\topics\45-VNF Resource Prefix.html" />
                    <node id="6341" name="VNF Version" icon="book" format="html" doctype="安装类"
                        url="软件安装（AIC）-SDN\topics\46-VNF Version.html" />
                    <node id="6342" name="VNF Scenario" icon="book" format="html" doctype="安装类"
                        url="软件安装（AIC）-SDN\topics\47-VNF Scenario.html" />
                    <node id="6343" name="Tenant和User" icon="book" format="html" doctype="安装类"
                        url="软件安装（AIC）-SDN\topics\48-Tenant and Users.html" />
                    <node id="6344" name="NTP Server" icon="book" format="html" doctype="安装类"
                        url="软件安装（AIC）-SDN\topics\49-NTP Server.html" />
                    <node id="6345" name="Volume Types（可选）" icon="book" format="html" doctype="安装类"
                        url="软件安装（AIC）-SDN\topics\50-Volume Types.html" />
                    <node id="6346" name="Storage QoS" icon="book" format="html" doctype="安装类"
                        url="软件安装（AIC）-SDN\topics\51-Storage Qos.html" />
                    <node id="6347" name="VNF Network Qos" icon="book" format="html" doctype="安装类"
                        url="软件安装（AIC）-SDN\topics\55-VNF Network Qos.html" />
                    <node id="6348" name="VM Parameters" icon="book" format="html" doctype="安装类"
                        url="软件安装（AIC）-SDN\topics\52-VM Parameters.html" />
                    <node id="6349" name="VRF Summary" icon="book" format="html" doctype="安装类"
                        url="软件安装（AIC）-SDN\topics\54-VRF Summary.html" />
                    <node id="6350" name="VRouter Summary" icon="book" format="html" doctype="安装类"
                        url="软件安装（AIC）-SDN\topics\55-VRouter Summary.html" />
                    <node id="6351" name="VRouter External Network" icon="book" format="html" doctype="安装类"
                        url="软件安装（AIC）-SDN\topics\56-VRouter External Network.html" />
                    <node id="6352" name="VNF SDN Network Setting" icon="book" format="html" doctype="安装类"
                        url="软件安装（AIC）-SDN\topics\56-VNF SDN Network Setting.html" />
                    <node id="6353" name="VNF Operation and Maintenance" icon="book" format="html" doctype="安装类"
                        url="软件安装（AIC）-SDN\topics\57-VNF O and M IPv6.html" />
                    <node id="6354" name="VNF Vlan Trunk IP" icon="book" format="html" doctype="安装类"
                        url="软件安装（AIC）-SDN\topics\55-VNF VlanTrunk Ip.html" />
                    <node id="6355" name="VNF Advanced Settings" icon="book" format="html" doctype="安装类"
                        url="软件安装（AIC）-SDN\topics\58-VNF Advanced Settings.html" />
                    <node id="6356" name="VNF UDSFCfg Setting" icon="book" format="html" doctype="安装类"
                        url="软件安装（AIC）-SDN\topics\1616405273803.html" />
                    <node id="6357" name="VNF Resourse Naming Rules" icon="book" format="html" doctype="安装类"
                        url="软件安装（AIC）-SDN\topics\1620962345163.html" />
                    <node id="6358" name="Heat Scripts（可选）" icon="book" format="html" doctype="安装类"
                        url="软件安装（AIC）-SDN\topics\1620962325571.html" />
                    <node id="6359" name="Version File" icon="book" format="html" doctype="安装类"
                        url="软件安装（AIC）-SDN\topics\59-Version File.html" />
                    <node id="6360" name="Image Setting" icon="book" format="html" doctype="安装类"
                        url="软件安装（AIC）-SDN\topics\62-Image Setting.html" />
                    <node id="6361" name="VNF SFTP Server" icon="book" format="html" doctype="安装类"
                        url="软件安装（AIC）-SDN\topics\60-VNF SFTP Server.html" />
                    <node id="6362" name="NS Info" icon="book" format="html" doctype="安装类"
                        url="软件安装（AIC）-SDN\topics\1620962345163（重用1）.html" />
                    <node id="6363" name="VNF Static Route" icon="book" format="html" doctype="安装类"
                        url="软件安装（AIC）-SDN\topics\61-VNF Static Route.html" />
                    <node id="6364" name="VPC（可选）" icon="book" format="html" doctype="安装类"
                        url="软件安装（AIC）-SDN\topics\63-VPC.html" />
                    <node id="6365" name="TAP Service和TAP Flow（可选）" icon="book" format="html" doctype="安装类"
                        url="软件安装（AIC）-SDN\topics\63-TAP Service and TAP Flow .html" />
                </node>
                <node id="6366" name="导出LLD" icon="book" format="html" doctype="安装类"
                    url="软件安装（AIC）-SDN\topics\17-导出LLD表格.html" />
                <node id="6367" name="部署VNF" icon="book" format="html" doctype="安装类"
                    url="软件安装（AIC）-SDN\topics\18-部署VNF.html" />
                <node id="6368" name="查询虚机的子接口地址和VLAN" icon="book" format="html" doctype="安装类"
                    url="软件安装（AIC）-SDN\topics\108-在Rosng中获取接口和子接口信息的方法（重用1）.html" />
            </node>
            <node id="6369" name="FAQ" icon="book" format="html" doctype="安装类"
                url="软件安装（AIC）-SDN\topics\100-FAQ.html">
                <node id="6370" name="修改镜像文件名称" icon="book" format="html" doctype="安装类"
                    url="软件安装（AIC）-SDN\topics\101-修改镜像名称.html">
                    <node id="6371" name="操作员在ZXUN CloudStudio上修改" icon="book" format="html" doctype="安装类"
                        url="软件安装（AIC）-SDN\topics\1616379396099.html" />
                    <node id="6372" name="操作员通过命令方式修改" icon="book" format="html" doctype="安装类"
                        url="软件安装（AIC）-SDN\topics\1616401008271.html" />
                </node>
                <node id="6373" name="在MANO上启用通过本地方式上传版本包的方法" icon="book" format="html" doctype="安装类"
                    url="软件安装（AIC）-SDN\topics\106-在MANO上通过本地方式上传版本包的方法.html" />
                <node id="6374" name="在VNFM上创建的API用户的方法" icon="book" format="html" doctype="安装类"
                    url="软件安装（AIC）-SDN\topics\107-在VNFM上创建的API用户的方法.html" />
                <node id="6375" name="VNFM tocken认证失败的问题处理" icon="book" format="html" doctype="安装类"
                    url="软件安装（AIC）-SDN\topics\114-VNFM tocken认证失败的问题处理.html" />
                <node id="6376" name="内部控制面地址规划错误导致实例化失败的问题处理" icon="book" format="html" doctype="安装类"
                    url="软件安装（AIC）-SDN\topics\1590398694739.html" />
            </node>
        </node>
        <node id="6377" name="软件安装（AIC）-非SDN" icon="book" doctype="安装类" format="html"
            url="nodes/软件安装（AIC）-非SDN.html">
            <node id="6378" name="安装概述" icon="book" format="html" doctype="安装类"
                url="软件安装（AIC）-非SDN\topics\1-安装概述.html">
                <node id="6379" name="安装场景" icon="book" format="html" doctype="安装类"
                    url="软件安装（AIC）-非SDN\topics\1660707654168.html" />
                <node id="6380" name="安装导读" icon="book" format="html" doctype="安装类"
                    url="软件安装（AIC）-非SDN\topics\1-安装导读.html" />
                <node id="6381" name="安装前准备" icon="book" format="html" doctype="安装类"
                    url="软件安装（AIC）-非SDN\topics\3-安装准备.html">
                    <node id="6382" name="获取版本文件" icon="book" format="html" doctype="安装类"
                        url="软件安装（AIC）-非SDN\topics\9-获取版本文件.html" />
                    <node id="6383" name="客户端准备" icon="book" format="html" doctype="安装类"
                        url="软件安装（AIC）-非SDN\topics\3-软件准备.html" />
                    <node id="6384" name="VIM侧的数据准备" icon="book" format="html" doctype="安装类"
                        url="软件安装（AIC）-非SDN\topics\6-VIM侧的数据准备.html" />
                    <node id="6385" name="MANO侧的数据准备" icon="book" format="html" doctype="安装类"
                        url="软件安装（AIC）-非SDN\topics\6-MONA侧的数据准备.html" />
                    <node id="6386" name="查询VNFM用户的权限" icon="book" format="html" doctype="安装类"
                        url="软件安装（AIC）-非SDN\topics\7-查询VNFM用户的权限.html" />
                </node>
            </node>
            <node id="6387" name="数据规划" icon="book" format="html" doctype="安装类"
                url="软件安装（AIC）-非SDN\topics\4-网络数据规划.html">
                <node id="6388" name="基础数据规划" icon="book" format="html" doctype="安装类"
                    url="软件安装（AIC）-非SDN\topics\4-基础数据规划(AMF).html" />
                <node id="6389" name="非SDN组网规划" icon="book" format="html" doctype="安装类"
                    url="软件安装（AIC）-非SDN\topics\4-非SDN组网规划(AMF).html" />
            </node>
            <node id="6390" name="VNF的部署" icon="book" format="html" doctype="安装类"
                url="软件安装（AIC）-非SDN\topics\15-VNF的部署.html">
                <node id="6391" name="创建工程" icon="book" format="html" doctype="安装类"
                    url="软件安装（AIC）-非SDN\topics\16-创建工程.html" />
                <node id="6392" name="LLD配置" icon="book" format="html" doctype="安装类"
                    url="软件安装（AIC）-非SDN\topics\40-LLD配置.html">
                    <node id="6393" name="Global Setting" icon="book" format="html" doctype="安装类"
                        url="软件安装（AIC）-非SDN\topics\41-Global Setting.html" />
                    <node id="6394" name="VIM Controller Info" icon="book" format="html" doctype="安装类"
                        url="软件安装（AIC）-非SDN\topics\42-VIM Controller Info.html" />
                    <node id="6395" name="Host Aggregate" icon="book" format="html" doctype="安装类"
                        url="软件安装（AIC）-非SDN\topics\43-Host Aggregate.html" />
                    <node id="6396" name="MANO Info" icon="book" format="html" doctype="安装类"
                        url="软件安装（AIC）-非SDN\topics\44-MANO Info.html" />
                    <node id="6397" name=" VNF ID" icon="book" format="html" doctype="安装类"
                        url="软件安装（AIC）-非SDN\topics\45-VNF ID.html" />
                    <node id="6398" name="VNF Resource Prefix" icon="book" format="html" doctype="安装类"
                        url="软件安装（AIC）-非SDN\topics\45-VNF Resource Prefix.html" />
                    <node id="6399" name="VNF Version" icon="book" format="html" doctype="安装类"
                        url="软件安装（AIC）-非SDN\topics\46-VNF Version.html" />
                    <node id="6400" name="VNF Scenario" icon="book" format="html" doctype="安装类"
                        url="软件安装（AIC）-非SDN\topics\47-VNF Scenario.html" />
                    <node id="6401" name="Tenant和User" icon="book" format="html" doctype="安装类"
                        url="软件安装（AIC）-非SDN\topics\48-Tenant and Users.html" />
                    <node id="6402" name="NTP Server" icon="book" format="html" doctype="安装类"
                        url="软件安装（AIC）-非SDN\topics\49-NTP Server.html" />
                    <node id="6403" name="Volume Types（可选）" icon="book" format="html" doctype="安装类"
                        url="软件安装（AIC）-非SDN\topics\50-Volume Types.html" />
                    <node id="6404" name="Storage QoS" icon="book" format="html" doctype="安装类"
                        url="软件安装（AIC）-非SDN\topics\51-Storage Qos.html" />
                    <node id="6405" name="VNF Network Qos" icon="book" format="html" doctype="安装类"
                        url="软件安装（AIC）-非SDN\topics\55-VNF Network Qos.html" />
                    <node id="6406" name="VM Parameters" icon="book" format="html" doctype="安装类"
                        url="软件安装（AIC）-非SDN\topics\52-VM Parameters.html" />
                    <node id="6407" name="VRF Summary" icon="book" format="html" doctype="安装类"
                        url="软件安装（AIC）-非SDN\topics\54-VRF Summary.html" />
                    <node id="6408" name="VNF Network Setting" icon="book" format="html" doctype="安装类"
                        url="软件安装（AIC）-非SDN\topics\56-VNF Network Setting IPv6.html" />
                    <node id="6409" name="VNF Operation and Maintenance" icon="book" format="html" doctype="安装类"
                        url="软件安装（AIC）-非SDN\topics\57-VNF O and M IPv6.html" />
                    <node id="6410" name="VNF Vlan Trunk IP" icon="book" format="html" doctype="安装类"
                        url="软件安装（AIC）-非SDN\topics\55-VNF VlanTrunk Ip.html" />
                    <node id="6411" name="VNF Advanced Settings" icon="book" format="html" doctype="安装类"
                        url="软件安装（AIC）-非SDN\topics\58-VNF Advanced Settings.html" />
                    <node id="6412" name="VNF UDSFCfg Setting" icon="book" format="html" doctype="安装类"
                        url="软件安装（AIC）-非SDN\topics\1616405273803.html" />
                    <node id="6413" name="VNF Resourse Naming Rules" icon="book" format="html" doctype="安装类"
                        url="软件安装（AIC）-非SDN\topics\1620962345163.html" />
                    <node id="6414" name="Heat Scripts（可选）" icon="book" format="html" doctype="安装类"
                        url="软件安装（AIC）-非SDN\topics\1620962325571.html" />
                    <node id="6415" name="Version File" icon="book" format="html" doctype="安装类"
                        url="软件安装（AIC）-非SDN\topics\59-Version File.html" />
                    <node id="6416" name="Image Setting" icon="book" format="html" doctype="安装类"
                        url="软件安装（AIC）-非SDN\topics\62-Image Setting.html" />
                    <node id="6417" name="VNF SFTP Server" icon="book" format="html" doctype="安装类"
                        url="软件安装（AIC）-非SDN\topics\60-VNF SFTP Server.html" />
                    <node id="6418" name="TAP Service和TAP Flow（可选）" icon="book" format="html" doctype="安装类"
                        url="软件安装（AIC）-非SDN\topics\63-TAP Service and TAP Flow .html" />
                </node>
                <node id="6419" name="导出LLD" icon="book" format="html" doctype="安装类"
                    url="软件安装（AIC）-非SDN\topics\17-导出LLD表格.html" />
                <node id="6420" name="部署VNF" icon="book" format="html" doctype="安装类"
                    url="软件安装（AIC）-非SDN\topics\18-部署VNF.html" />
                <node id="6421" name="查询虚机的子接口地址和VLAN" icon="book" format="html" doctype="安装类"
                    url="软件安装（AIC）-非SDN\topics\108-在Rosng中获取接口和子接口信息的方法（重用1）.html" />
            </node>
            <node id="6422" name="FAQ" icon="book" format="html" doctype="安装类"
                url="软件安装（AIC）-非SDN\topics\100-FAQ.html">
                <node id="6423" name="修改镜像文件名称" icon="book" format="html" doctype="安装类"
                    url="软件安装（AIC）-非SDN\topics\101-修改镜像名称.html">
                    <node id="6424" name="操作员在ZXUN CloudStudio上修改" icon="book" format="html" doctype="安装类"
                        url="软件安装（AIC）-非SDN\topics\1616379396099.html" />
                    <node id="6425" name="操作员通过命令方式修改" icon="book" format="html" doctype="安装类"
                        url="软件安装（AIC）-非SDN\topics\1616401008271.html" />
                </node>
                <node id="6426" name="在MANO上启用通过本地方式上传版本包的方法" icon="book" format="html" doctype="安装类"
                    url="软件安装（AIC）-非SDN\topics\106-在MANO上通过本地方式上传版本包的方法.html" />
                <node id="6427" name="在VNFM上创建的API用户的方法" icon="book" format="html" doctype="安装类"
                    url="软件安装（AIC）-非SDN\topics\107-在VNFM上创建的API用户的方法.html" />
                <node id="6428" name="VNFM tocken认证失败的问题处理" icon="book" format="html" doctype="安装类"
                    url="软件安装（AIC）-非SDN\topics\114-VNFM tocken认证失败的问题处理.html" />
                <node id="6429" name="内部控制面地址规划错误导致实例化失败的问题处理" icon="book" format="html" doctype="安装类"
                    url="软件安装（AIC）-非SDN\topics\1590398694739.html" />
            </node>
        </node>
        <node id="6430" name="软件安装（MANO）" icon="book" doctype="安装类" format="html" url="nodes/软件安装（MANO）.html">
            <node id="6431" name="安装概述" icon="book" format="html" doctype="安装类"
                url="软件安装（MANO）\topics\1645683495938.html">
                <node id="6432" name="安装导读" icon="book" format="html" doctype="安装类"
                    url="软件安装（MANO）\topics\1-安装导读.html" />
                <node id="6433" name="安装流程" icon="book" format="html" doctype="安装类"
                    url="软件安装（MANO）\topics\2-安装流程.html" />
            </node>
            <node id="6434" name="安装前准备" icon="book" format="html" doctype="安装类"
                url="软件安装（MANO）\topics\3-安装准备.html">
                <node id="6435" name="软件准备" icon="book" format="html" doctype="安装类"
                    url="软件安装（MANO）\topics\4-软件准备.html" />
                <node id="6436" name="获取用户名和密码" icon="book" format="html" doctype="安装类"
                    url="软件安装（MANO）\topics\5-获取用户名和密码.html" />
                <node id="6437" name="在VNFM上创建API用户" icon="book" format="html" doctype="安装类"
                    url="软件安装（MANO）\topics\107-在VNFM上创建的API用户的方法.html" />
            </node>
            <node id="6438" name="网络数据规划" icon="book" format="html" doctype="安装类"
                url="软件安装（MANO）\topics\4-网络数据规划(AMF).html">
                <node id="6439" name="基础数据规划" icon="book" format="html" doctype="安装类"
                    url="软件安装（MANO）\topics\4-基础数据规划(AMF)（重用1）.html" />
                <node id="6440" name="组网数据规划" icon="book" format="html" doctype="安装类"
                    url="软件安装（MANO）\topics\4-组网数据规划.html">
                    <node id="6441" name="SDN组网数据规划" icon="book" format="html" doctype="安装类"
                        url="软件安装（MANO）\topics\4-SDN组网数据规划(AMF).html" />
                    <node id="6442" name="非SDN组网数据规划" icon="book" format="html" doctype="安装类"
                        url="软件安装（MANO）\topics\4-非SDN组网数据规划(AMF).html" />
                </node>
            </node>
            <node id="6443" name="创建虚拟资源" icon="book" format="html" doctype="安装类"
                url="软件安装（MANO）\topics\6-虚拟资源的创建.html">
                <node id="6444" name="登录TECS OpenStack" icon="book" format="html" doctype="安装类"
                    url="软件安装（MANO）\topics\7-登录TECS OpenStack.html" />
                <node id="6445" name="创建用户" icon="book" format="html" doctype="安装类"
                    url="软件安装（MANO）\topics\8-创建用户.html" />
                <node id="6446" name="创建项目" icon="book" format="html" doctype="安装类"
                    url="软件安装（MANO）\topics\8-创建项目.html" />
                <node id="6447" name="创建网络平面" icon="book" format="html" doctype="安装类"
                    url="软件安装（MANO）\topics\9-创建网络平面.html" />
            </node>
            <node id="6448" name="VNF的部署" icon="book" format="html" doctype="安装类"
                url="软件安装（MANO）\topics\11-VNF部署（TOSCA方式）.html">
                <node id="6449" name="登录NFVO客户端" icon="book" format="html" doctype="安装类"
                    url="软件安装（MANO）\topics\12-登录NFVO客户端.html" />
                <node id="6450" name="准备版本包" icon="book" format="html" doctype="安装类"
                    url="软件安装（MANO）\topics\13-准备版本包(AMF)（重用1）.html" />
                <node id="6451" name="VNF的实例化" icon="book" format="html" doctype="安装类"
                    url="软件安装（MANO）\topics\14-VNF的实例化.html">
                    <node id="6452" name="快速创建部署包" icon="book" format="html" doctype="安装类"
                        url="软件安装（MANO）\topics\15-快速创建VNF版本包(AMF)（重用1）.html" />
                    <node id="6453" name="注册VNF部署包" icon="book" format="html" doctype="安装类"
                        url="软件安装（MANO）\topics\16-注册VNF版本包(AMF)（重用1）.html" />
                    <node id="6454" name="实例化VNF" icon="book" format="html" doctype="安装类"
                        url="软件安装（MANO）\topics\17-实例化VNF(AMF)（重用1）.html" />
                </node>
            </node>
            <node id="6455" name="部署参数配置说明" icon="book" format="html" doctype="安装类"
                url="软件安装（MANO）\topics\18-参考.html">
                <node id="6456" name="通用配置" icon="book" format="html" doctype="安装类"
                    url="软件安装（MANO）\topics\21-通用配置(AMF).html" />
                <node id="6457" name="网元配置" icon="book" format="html" doctype="安装类"
                    url="软件安装（MANO）\topics\22-网元配置(AMF).html" />
                <node id="6458" name="AMF的虚机" icon="book" format="html" doctype="安装类"
                    url="软件安装（MANO）\topics\18-NF的虚机.html">
                    <node id="6459" name="OMU虚机配置" icon="book" format="html" doctype="安装类"
                        url="软件安装（MANO）\topics\23-OMU虚机配置(AMF).html" />
                    <node id="6460" name="CDU虚机配置" icon="book" format="html" doctype="安装类"
                        url="软件安装（MANO）\topics\29-CDU虚机配置(AMF).html" />
                    <node id="6461" name="GSU虚机配置" icon="book" format="html" doctype="安装类"
                        url="软件安装（MANO）\topics\24-GSU虚机配置(AMF).html" />
                    <node id="6462" name="IPU虚机配置" icon="book" format="html" doctype="安装类"
                        url="软件安装（MANO）\topics\30-IPU虚机配置(AMF).html" />
                    <node id="6463" name="AMU虚机配置" icon="book" format="html" doctype="安装类"
                        url="软件安装（MANO）\topics\28-AMU虚机配置(AMF).html" />
                </node>
                <node id="6464" name="安全网关的虚机" icon="book" format="html" doctype="安装类"
                    url="软件安装（MANO）\topics\18-LIG的虚机.html">
                    <node id="6465" name="IAU虚机配置" icon="book" format="html" doctype="安装类"
                        url="软件安装（MANO）\topics\29-IAU虚机配置.html" />
                    <node id="6466" name="IMU虚机配置" icon="book" format="html" doctype="安装类"
                        url="软件安装（MANO）\topics\29-IMU虚机配置.html" />
                </node>
            </node>
            <node id="6467" name="配置示例" icon="book" format="html" doctype="安装类"
                url="软件安装（MANO）\topics\1646460359586.html">
                <node id="6468" name="VLAN Trunk功能配置示例" icon="book" format="html" doctype="安装类"
                    url="软件安装（MANO）\topics\31-VLAN Trunk功能配置示例(AMF).html" />
            </node>
            <node id="6469" name="参考" icon="book" format="html" doctype="安装类"
                url="软件安装（MANO）\topics\leandoc_0.html">
                <node id="6470" name="实例化VNF失败后回退" icon="book" format="html" doctype="安装类"
                    url="软件安装（MANO）\topics\1648623030275.html" />
                <node id="6471" name="查询虚机的子接口地址和VLAN" icon="book" format="html" doctype="安装类"
                    url="软件安装（MANO）\topics\108-在Rosng中获取接口和子接口信息的方法（重用1）.html" />
            </node>
        </node>
        <node id="6472" name="License安装" icon="book" doctype="安装类" format="html" url="nodes/License安装.html">
            <node id="6473" name="License功能描述" icon="book" format="html" doctype="安装类"
                url="License安装\topics\License功能描述.html" />
            <node id="6474" name="License功能配置" icon="book" format="html" doctype="安装类"
                url="License安装\topics\License功能配置.html" />
        </node>
        <node id="6475" name="安全加固" icon="book" doctype="安装类" format="html" url="nodes/安全加固.html">
            <node id="6476" name="数据备份" icon="book" format="html" doctype="安装类"
                url="安全加固\topics\1625041054487.html">
                <node id="6477" name="备份Rosng数据" icon="book" format="html" doctype="安装类"
                    url="安全加固\topics\1624863989407.html" />
                <node id="6478" name="备份配置数据" icon="book" format="html" doctype="安装类"
                    url="安全加固\topics\1624863993360.html" />
            </node>
            <node id="6479" name="各账户初始密码加固" icon="book" format="html" doctype="安装类"
                url="安全加固\topics\1614219143658.html" />
            <node id="6480" name="合规扫描加固" icon="book" format="html" doctype="安装类" url="安全加固\topics\配置合规扫描加固.html" />
            <node id="6481" name="操作系统加固" icon="book" format="html" doctype="安装类" url="安全加固\topics\操作系统加固.html" />
            <node id="6482" name="特殊场景加固" icon="book" format="html" doctype="安装类"
                url="安全加固\topics\1626234749638.html">
                <node id="6483" name="开启非root用户启动VRUs功能" icon="book" format="html" doctype="安装类"
                    url="安全加固\topics\1626234754470.html" />
                <node id="6484" name="开启SELinux功能" icon="book" format="html" doctype="安装类"
                    url="安全加固\topics\1626234759372.html" />
                <node id="6485" name="设置远程访问白名单-hosts文件方式" icon="book" format="html" doctype="安装类"
                    url="安全加固\topics\1626234775425.html" />
                <node id="6486" name="配置远程日志功能" icon="book" format="html" doctype="安装类"
                    url="安全加固\topics\1626234780447.html" />
                <node id="6487" name="手动处理绿盟等保合规问题" icon="book" format="html" doctype="安装类"
                    url="安全加固\topics\1626234785288.html" />
            </node>
            <node id="6488" name="加固后验证" icon="book" format="html" doctype="安装类" url="安全加固\topics\合规配置规范.html" />
            <node id="6489" name="参考" icon="book" format="html" doctype="安装类" url="安全加固\topics\1589506151272.html">
                <node id="6490" name="CCMF的NFS进程检查和修复" icon="book" format="html" doctype="安装类"
                    url="安全加固\topics\1625043145660.html" />
                <node id="6491" name="hosts.allow配置示例（未包含外部IP）" icon="book" format="html" doctype="安装类"
                    url="安全加固\topics\1626249649566.html" />
            </node>
        </node>
        <node id="6492" name="初始配置" icon="book" doctype="安装类" format="html" url="nodes/初始配置.html">
            <node id="6493" name="配置流程" icon="book" format="html" doctype="安装类" url="初始配置\topics\2-数据配置流程.html" />
            <node id="6494" name="配置准备" icon="book" format="html" doctype="安装类" url="初始配置\topics\2-配置准备.html">
                <node id="6495" name="分层接入" icon="book" format="html" doctype="安装类" url="初始配置\topics\分层接入.html" />
                <node id="6496" name="配置模式说明" icon="book" format="html" doctype="安装类"
                    url="初始配置\topics\配置模式说明.html" />
            </node>
            <node id="6497" name="协议栈配置" icon="book" format="html" doctype="安装类"
                url="初始配置\topics\1590722087302.html">
                <node id="6498" name="配置VRF" icon="book" format="html" doctype="安装类"
                    url="初始配置\topics\1561084920494.html" />
                <node id="6499" name="配置共子网" icon="book" format="html" doctype="安装类"
                    url="初始配置\topics\1608693022869.html" />
                <node id="6500" name="配置地址" icon="book" format="html" doctype="安装类"
                    url="初始配置\topics\1614913968807.html">
                    <node id="6501" name="配置接口" icon="book" format="html" doctype="安装类"
                        url="初始配置\topics\1560996750681.html" />
                    <node id="6502" name="配置loopback地址" icon="book" format="html" doctype="安装类"
                        url="初始配置\topics\1614913980494.html" />
                </node>
                <node id="6503" name="配置静态路由及BFD" icon="book" format="html" doctype="安装类"
                    url="初始配置\topics\1608709075254.html">
                    <node id="6504" name="配置静态路由（SDN网络）" icon="book" format="html" doctype="安装类"
                        url="初始配置\topics\1608709174449.html" />
                    <node id="6505" name="配置静态路由及BFD（非SDN网络）" icon="book" format="html" doctype="安装类"
                        url="初始配置\topics\1608709178693.html" />
                </node>
                <node id="6506" name="配置GR功能" icon="book" format="html" doctype="安装类"
                    url="初始配置\topics\1608714814051.html">
                    <node id="6507" name="配置全局GR" icon="book" format="html" doctype="安装类"
                        url="初始配置\topics\1608713213255.html" />
                    <node id="6508" name="配置BFD GR" icon="book" format="html" doctype="安装类"
                        url="初始配置\topics\1608713217366.html" />
                </node>
            </node>
            <node id="6509" name="检查名称" icon="book" format="html" doctype="安装类"
                url="初始配置\topics\1590478545711.html" />
            <node id="6510" name="配置CDB" icon="book" format="html" doctype="安装类"
                url="初始配置\topics\1586938718718.html" />
            <node id="6511" name="公共基础数据配置" icon="book" format="html" doctype="安装类"
                url="初始配置\topics\1626834383069.html">
                <node id="6512" name="配置时间" icon="book" format="html" doctype="安装类"
                    url="初始配置\topics\1590484212045.html" />
                <node id="6513" name="配置夏令时（可选）" icon="book" format="html" doctype="安装类"
                    url="初始配置\topics\5-配置夏令时.html" />
                <node id="6514" name="配置自愈功能" icon="book" format="html" doctype="安装类"
                    url="初始配置\topics\1590484863958.html" />
                <node id="6515" name="配置一致性检查" icon="book" format="html" doctype="安装类"
                    url="初始配置\topics\1590491388226.html" />
                <node id="6516" name="配置仲裁" icon="book" format="html" doctype="安装类"
                    url="初始配置\topics\1612856666821.html" />
                <node id="6517" name="配置SCTP全局信息" icon="book" format="html" doctype="安装类"
                    url="初始配置\topics\1596597630979.html" />
                <node id="6518" name="配置抗网络闪断信息" icon="book" format="html" doctype="安装类"
                    url="初始配置\topics\1658303259649.html" />
                <node id="6519" name="配置虚机使用率告警阈值" icon="book" format="html" doctype="安装类"
                    url="初始配置\topics\1658303263368.html" />
            </node>
            <node id="6520" name="MME/SGSN业务配置" icon="book" format="html" doctype="安装类"
                url="初始配置\topics\1626834302855.html">
                <node id="6521" name="配置业务接口关联的VRF" icon="book" format="html" doctype="安装类"
                    url="初始配置\topics\1612427402895.html" />
                <node id="6522" name="修改容量规划" icon="book" format="html" doctype="安装类"
                    url="初始配置\topics\1658308412221.html" />
                <node id="6523" name="配置MME基础数据" icon="book" format="html" doctype="安装类"
                    url="初始配置\topics\8-配置MME基础数据.html">
                    <node id="6524" name="配置MME移动数据" icon="book" format="html" doctype="安装类"
                        url="初始配置\topics\9-配置MME移动数据.html" />
                    <node id="6525" name="配置MME GTP-C信令地址" icon="book" format="html" doctype="安装类"
                        url="初始配置\topics\10-配置MME GTP-C信令地址.html" />
                    <node id="6526" name="配置MME和AMF合一模式" icon="book" format="html" doctype="安装类"
                        url="初始配置\topics\1626857310136.html" />
                </node>
                <node id="6527" name="配置SGSN基础数据" icon="book" format="html" doctype="安装类"
                    url="初始配置\topics\11-配置SGSN基础数据.html">
                    <node id="6528" name="配置本局信令节点" icon="book" format="html" doctype="安装类"
                        url="初始配置\topics\12-配置本局信令节点.html" />
                    <node id="6529" name="配置本局属性" icon="book" format="html" doctype="安装类"
                        url="初始配置\topics\13-配置本局属性.html" />
                    <node id="6530" name="配置SGSN移动数据" icon="book" format="html" doctype="安装类"
                        url="初始配置\topics\14-配置SGSN移动数据.html" />
                    <node id="6531" name="配置SGSN GTP-C信令地址" icon="book" format="html" doctype="安装类"
                        url="初始配置\topics\15-配置SGSN GTP-C信令地址.html" />
                    <node id="6532" name="配置SGSN用户面地址" icon="book" format="html" doctype="安装类"
                        url="初始配置\topics\16-配置SGSN用户面地址.html" />
                </node>
                <node id="6533" name="配置MME与其他网元的对接数据" icon="book" format="html" doctype="安装类"
                    url="初始配置\topics\1595924473766.html">
                    <node id="6534" name="配置MME与eNodeB对接数据" icon="book" format="html" doctype="安装类"
                        url="初始配置\topics\19-配置与eNodeB对接数据.html" />
                    <node id="6535" name="配置MME与HSS/DRA对接数据" icon="book" format="html" doctype="安装类"
                        url="初始配置\topics\20-配置与HSS DRA对接数据.html" />
                    <node id="6536" name="配置MME与EIR对接数据" icon="book" format="html" doctype="安装类"
                        url="初始配置\topics\21-配置与EIR对接数据.html" />
                    <node id="6537" name="配置MME与MSC对接数据" icon="book" format="html" doctype="安装类"
                        url="初始配置\topics\1658480238703.html" />
                    <node id="6538" name="配置MME与GW对接数据" icon="book" format="html" doctype="安装类"
                        url="初始配置\topics\22-配置与SGW对接数据.html" />
                    <node id="6539" name="配置MME与其他MME对接数据" icon="book" format="html" doctype="安装类"
                        url="初始配置\topics\23-配置与其他MME对接数据.html" />
                    <node id="6540" name="配置MME与Gn/Gp SGSN对接数据" icon="book" format="html" doctype="安装类"
                        url="初始配置\topics\24-配置与Gn Gp SGSN对接数据.html" />
                    <node id="6541" name="配置MME与DNS对接数据" icon="book" format="html" doctype="安装类"
                        url="初始配置\topics\25-配置与DNS对接数据.html" />
                    <node id="6542" name="配置MME与LCS对接数据" icon="book" format="html" doctype="安装类"
                        url="初始配置\topics\1658732552834.html" />
                </node>
                <node id="6543" name="配置SGSN与其他网元的对接数据" icon="book" format="html" doctype="安装类"
                    url="初始配置\topics\1595924485927.html">
                    <node id="6544" name="配置与GGSN/PGW对接数据" icon="book" format="html" doctype="安装类"
                        url="初始配置\topics\27-配置与GGSN PGW对接数据.html" />
                    <node id="6545" name="配置与STP/HLR对接数据" icon="book" format="html" doctype="安装类"
                        url="初始配置\topics\28-配置与HLR对接数据.html" />
                    <node id="6546" name="配置与RNC对接数据" icon="book" format="html" doctype="安装类"
                        url="初始配置\topics\29-配置与RNC对接数据.html" />
                    <node id="6547" name="配置与BSC对接数据" icon="book" format="html" doctype="安装类"
                        url="初始配置\topics\30-配置与BSC对接数据.html" />
                    <node id="6548" name="配置与MME对接数据" icon="book" format="html" doctype="安装类"
                        url="初始配置\topics\31-配置与MME对接数据.html" />
                    <node id="6549" name="配置与CG对接数据" icon="book" format="html" doctype="安装类"
                        url="初始配置\topics\32-配置与CG对接数据.html" />
                    <node id="6550" name="配置与DNS对接数据" icon="book" format="html" doctype="安装类"
                        url="初始配置\topics\33-配置与DNS对接数据.html" />
                </node>
                <node id="6551" name="安全配置" icon="book" format="html" doctype="安装类"
                    url="初始配置\topics\1658889675002.html">
                    <node id="6552" name="配置鉴权" icon="book" format="html" doctype="安装类"
                        url="初始配置\topics\1658889670914.html" />
                    <node id="6553" name="配置加密" icon="book" format="html" doctype="安装类"
                        url="初始配置\topics\1658890047230.html" />
                </node>
                <node id="6554" name="VoLTE配置" icon="book" format="html" doctype="安装类"
                    url="初始配置\topics\1658890385619.html">
                    <node id="6555" name="开启VoLTE功能" icon="book" format="html" doctype="安装类"
                        url="初始配置\topics\1658890389749.html" />
                    <node id="6556" name="配置VoLTE寻呼" icon="book" format="html" doctype="安装类"
                        url="初始配置\topics\1658901944701.html" />
                    <node id="6557" name="配置SRVCC" icon="book" format="html" doctype="安装类"
                        url="初始配置\topics\1658902083600.html" />
                    <node id="6558" name="配置IMS APN重建" icon="book" format="html" doctype="安装类"
                        url="初始配置\topics\1658902951181.html" />
                    <node id="6559" name="配置容灾" icon="book" format="html" doctype="安装类"
                        url="初始配置\topics\1658903231064.html" />
                </node>
                <node id="6560" name="业务功能配置" icon="book" format="html" doctype="安装类"
                    url="初始配置\topics\1658904227371.html">
                    <node id="6561" name="配置位置信息上报" icon="book" format="html" doctype="安装类"
                        url="初始配置\topics\1658904238592.html" />
                    <node id="6562" name="配置NITZ" icon="book" format="html" doctype="安装类"
                        url="初始配置\topics\1658906782833.html" />
                    <node id="6563" name="配置信令风暴抑制" icon="book" format="html" doctype="安装类"
                        url="初始配置\topics\1658907588149.html" />
                    <node id="6564" name="配置终端双栈" icon="book" format="html" doctype="安装类"
                        url="初始配置\topics\1658909518373.html" />
                    <node id="6565" name="配置智能寻呼" icon="book" format="html" doctype="安装类"
                        url="初始配置\topics\1658909694285.html" />
                    <node id="6566" name="配置APN更正" icon="book" format="html" doctype="安装类"
                        url="初始配置\topics\1658910380431.html" />
                    <node id="6567" name="配置拓扑优选开关" icon="book" format="html" doctype="安装类"
                        url="初始配置\topics\1658911864208.html" />
                    <node id="6568" name="配置DSCP（可选）" icon="book" format="html" doctype="安装类"
                        url="初始配置\topics\1658912470101.html" />
                    <node id="6569" name="配置NSA（可选）" icon="book" format="html" doctype="安装类"
                        url="初始配置\topics\1658913727123.html" />
                    <node id="6570" name="配置NBIoT（可选）" icon="book" format="html" doctype="安装类"
                        url="初始配置\topics\1658970799046.html" />
                    <node id="6571" name="配置IPv6地址细分（可选）" icon="book" format="html" doctype="安装类"
                        url="初始配置\topics\1658972028039.html" />
                </node>
                <node id="6572" name="优化配置" icon="book" format="html" doctype="安装类"
                    url="初始配置\topics\1658973182895.html">
                    <node id="6573" name="配置GUTI重分配" icon="book" format="html" doctype="安装类"
                        url="初始配置\topics\1658973178685.html" />
                    <node id="6574" name="配置原因值映射" icon="book" format="html" doctype="安装类"
                        url="初始配置\topics\1658973590437.html" />
                    <node id="6575" name="配置流控" icon="book" format="html" doctype="安装类"
                        url="初始配置\topics\1658974036015.html" />
                    <node id="6576" name="配置自动备份" icon="book" format="html" doctype="安装类"
                        url="初始配置\topics\1658975930410.html" />
                </node>
                <node id="6577" name="性能统计配置" icon="book" format="html" doctype="安装类"
                    url="初始配置\topics\1658976440929.html">
                    <node id="6578" name="配置基于MME与SGW间控制面链路的统计" icon="book" format="html" doctype="安装类"
                        url="初始配置\topics\1658976445569.html" />
                    <node id="6579" name="配置基于MME与SGW间用户面链路的统计" icon="book" format="html" doctype="安装类"
                        url="初始配置\topics\1658995119985.html" />
                    <node id="6580" name="配置基于IMSI号段的统计" icon="book" format="html" doctype="安装类"
                        url="初始配置\topics\1658996277846.html" />
                    <node id="6581" name="配置基于MSISDN号段的统计" icon="book" format="html" doctype="安装类"
                        url="初始配置\topics\1658998425366.html" />
                    <node id="6582" name="配置基于APN的统计" icon="book" format="html" doctype="安装类"
                        url="初始配置\topics\1658999924498.html" />
                    <node id="6583" name="配置测量类型对象数" icon="book" format="html" doctype="安装类"
                        url="初始配置\topics\1659000419730.html" />
                </node>
            </node>
            <node id="6584" name="AMF业务配置" icon="book" format="html" doctype="安装类"
                url="初始配置\topics\1626834307893.html">
                <node id="6585" name="业务基础配置" icon="book" format="html" doctype="安装类"
                    url="初始配置\topics\1590483576074.html">
                    <node id="6586" name="配置本局信息" icon="book" format="html" doctype="安装类"
                        url="初始配置\topics\1561015257131.html" />
                    <node id="6587" name="配置AMF和MME融合模式" icon="book" format="html" doctype="安装类"
                        url="初始配置\topics\1627011474357.html" />
                    <node id="6588" name="配置GUMMEI" icon="book" format="html" doctype="安装类"
                        url="初始配置\topics\1627012020648.html" />
                    <node id="6589" name="配置AMF和MME融合时的TAC" icon="book" format="html" doctype="安装类"
                        url="初始配置\topics\1627012039162.html" />
                    <node id="6590" name="配置AMF和MME融合局的网管参数" icon="book" format="html" doctype="安装类"
                        url="初始配置\topics\1659057042229.html" />
                    <node id="6591" name="配置切片功能" icon="book" format="html" doctype="安装类"
                        url="初始配置\topics\1590484249974.html" />
                    <node id="6592" name="配置HTTP模板" icon="book" format="html" doctype="安装类"
                        url="初始配置\topics\1561001126987.html" />
                    <node id="6593" name="配置服务" icon="book" format="html" doctype="安装类"
                        url="初始配置\topics\1590484254635.html" />
                    <node id="6594" name="配置AMF GTP-C地址" icon="book" format="html" doctype="安装类"
                        url="初始配置\topics\1627027434755.html" />
                </node>
                <node id="6595" name="业务接口配置" icon="book" format="html" doctype="安装类"
                    url="初始配置\topics\1590491057341.html">
                    <node id="6596" name="配置N2接口信息" icon="book" format="html" doctype="安装类"
                        url="初始配置\topics\1586916338080.html" />
                    <node id="6597" name="配置与NRF对接数据" icon="book" format="html" doctype="安装类"
                        url="初始配置\topics\1586917989971.html" />
                    <node id="6598" name="配置与NSSF对接数据" icon="book" format="html" doctype="安装类"
                        url="初始配置\topics\1590478632879.html" />
                    <node id="6599" name="配置与DNS对接数据" icon="book" format="html" doctype="安装类"
                        url="初始配置\topics\1627268506177.html" />
                    <node id="6600" name="配置与EMS+对接数据" icon="book" format="html" doctype="安装类"
                        url="初始配置\topics\1659078017349.html" />
                    <node id="6601" name="配置与LMF对接数据" icon="book" format="html" doctype="安装类"
                        url="初始配置\topics\1659079638165.html" />
                </node>
                <node id="6602" name="NF注册发现" icon="book" format="html" doctype="安装类"
                    url="初始配置\topics\1659083359270.html">
                    <node id="6603" name="配置NF发现策略" icon="book" format="html" doctype="安装类"
                        url="初始配置\topics\1659083363560.html" />
                    <node id="6604" name="配置NF发现参数" icon="book" format="html" doctype="安装类"
                        url="初始配置\topics\1659083716130.html" />
                    <node id="6605" name="配置NF发现流控" icon="book" format="html" doctype="安装类"
                        url="初始配置\topics\1659148201506.html" />
                </node>
                <node id="6606" name="移动性管理" icon="book" format="html" doctype="安装类"
                    url="初始配置\topics\1590543314833.html">
                    <node id="6607" name="配置注册区域" icon="book" format="html" doctype="安装类"
                        url="初始配置\topics\1561019477833.html" />
                    <node id="6608" name="配置GUTI分配策略" icon="book" format="html" doctype="安装类"
                        url="初始配置\topics\1590543321023.html" />
                    <node id="6609" name="配置获取IMEISV功能" icon="book" format="html" doctype="安装类"
                        url="初始配置\topics\1590543323093.html" />
                    <node id="6610" name="配置MT基础数据" icon="book" format="html" doctype="安装类"
                        url="初始配置\topics\1615276283990.html" />
                    <node id="6611" name="配置UE策略和AM策略" icon="book" format="html" doctype="安装类"
                        url="初始配置\topics\1659149125337.html" />
                    <node id="6612" name="配置移动性参数" icon="book" format="html" doctype="安装类"
                        url="初始配置\topics\1659149330570.html" />
                </node>
                <node id="6613" name="安全配置" icon="book" format="html" doctype="安装类"
                    url="初始配置\topics\1590546285795.html">
                    <node id="6614" name="配置鉴权" icon="book" format="html" doctype="安装类"
                        url="初始配置\topics\1590628607978.html" />
                    <node id="6615" name="配置加密完保" icon="book" format="html" doctype="安装类"
                        url="初始配置\topics\1590546288590.html" />
                </node>
                <node id="6616" name="业务功能配置" icon="book" format="html" doctype="安装类"
                    url="初始配置\topics\1590633779659.html">
                    <node id="6617" name="配置VoNR和EPSFallback" icon="book" format="html" doctype="安装类"
                        url="初始配置\topics\1659318269780.html" />
                    <node id="6618" name="配置支持N26接口的4/5G互操作" icon="book" format="html" doctype="安装类"
                        url="初始配置\topics\1659321608334.html" />
                    <node id="6619" name="配置DNN更正" icon="book" format="html" doctype="安装类"
                        url="初始配置\topics\1659324334823.html" />
                    <node id="6620" name="配置紧急呼叫" icon="book" format="html" doctype="安装类"
                        url="初始配置\topics\1659324444566.html" />
                    <node id="6621" name="配置智能寻呼" icon="book" format="html" doctype="安装类"
                        url="初始配置\topics\1659334590860.html" />
                    <node id="6622" name="配置NITZ" icon="book" format="html" doctype="安装类"
                        url="初始配置\topics\1659335249385.html" />
                    <node id="6623" name="配置IP地址细分（可选）" icon="book" format="html" doctype="安装类"
                        url="初始配置\topics\1659335442060.html" />
                </node>
                <node id="6624" name="AMF容灾配置" icon="book" format="html" doctype="安装类"
                    url="初始配置\topics\1659337944078.html">
                    <node id="6625" name="配置AMF主用局" icon="book" format="html" doctype="安装类"
                        url="初始配置\topics\1659337948436.html" />
                    <node id="6626" name="配置AMF容灾局" icon="book" format="html" doctype="安装类"
                        url="初始配置\topics\1659339734561.html" />
                    <node id="6627" name="配置其他NF容灾" icon="book" format="html" doctype="安装类"
                        url="初始配置\topics\1659343677560.html" />
                </node>
                <node id="6628" name="商用优化配置" icon="book" format="html" doctype="安装类"
                    url="初始配置\topics\1659337399101.html">
                    <node id="6629" name="配置AMF过负荷控制" icon="book" format="html" doctype="安装类"
                        url="初始配置\topics\1659337404832.html" />
                    <node id="6630" name="关闭基于本地号段解析A-SMF解析策略" icon="book" format="html" doctype="安装类"
                        url="初始配置\topics\1659344789880.html" />
                    <node id="6631" name="配置支持I-SMF" icon="book" format="html" doctype="安装类"
                        url="初始配置\topics\1659402275318.html" />
                    <node id="6632" name="配置AUSF和UDM原因值映射" icon="book" format="html" doctype="安装类"
                        url="初始配置\topics\1659402433447.html" />
                    <node id="6633" name="配置AMF Communication软参" icon="book" format="html" doctype="安装类"
                        url="初始配置\topics\1659410522041.html" />
                    <node id="6634" name="配置AMF EE软参" icon="book" format="html" doctype="安装类"
                        url="初始配置\topics\1659411078539.html" />
                    <node id="6635" name="配置AMF Communication定时器" icon="book" format="html" doctype="安装类"
                        url="初始配置\topics\1659421010036.html" />
                    <node id="6636" name="配置全局参数" icon="book" format="html" doctype="安装类"
                        url="初始配置\topics\1659421221609.html" />
                    <node id="6637" name="配置特定流程冲突处理策略" icon="book" format="html" doctype="安装类"
                        url="初始配置\topics\1659422395119.html" />
                </node>
                <node id="6638" name="性能统计配置" icon="book" format="html" doctype="安装类"
                    url="初始配置\topics\1659424303803.html">
                    <node id="6639" name="配置基于TA的测量" icon="book" format="html" doctype="安装类"
                        url="初始配置\topics\1659424308247.html" />
                    <node id="6640" name="配置基于S-NSSAI的测量" icon="book" format="html" doctype="安装类"
                        url="初始配置\topics\1659424647485.html" />
                    <node id="6641" name="配置基于N8链路的测量" icon="book" format="html" doctype="安装类"
                        url="初始配置\topics\1659427052923.html" />
                    <node id="6642" name="配置基于N11链路的测量" icon="book" format="html" doctype="安装类"
                        url="初始配置\topics\1659427217684.html" />
                    <node id="6643" name="配置基于N12链路的测量" icon="book" format="html" doctype="安装类"
                        url="初始配置\topics\1659427401825.html" />
                    <node id="6644" name="配置基于IMSI号段的测量" icon="book" format="html" doctype="安装类"
                        url="初始配置\topics\1659427655863.html" />
                    <node id="6645" name="配置基于MSISDN号段的测量" icon="book" format="html" doctype="安装类"
                        url="初始配置\topics\1659431865474.html" />
                </node>
                <node id="6646" name="配置南向接口" icon="book" format="html" doctype="安装类"
                    url="初始配置\topics\1659437017005.html" />
            </node>
            <node id="6647" name="参考：数据First Download和语音First Call最简配置" icon="book" format="html" doctype="安装类"
                url="初始配置\topics\1614308480913.html" />
        </node>
        <node id="6648" name="个人数据保护" icon="book" doctype="安装类" format="html" url="nodes/个人数据保护.html">
            <node id="6649" name="特性描述" icon="book" bkmk="T_2017510842492" format="html" doctype="安装类"
                url="个人数据保护\topics\特性描述.html" />
            <node id="6660" name="特性配置" icon="book" bkmk="T_20175108424915" format="html" doctype="安装类"
                url="个人数据保护\topics\14-特性配置.html" />
        </node>
        <node id="6666" name="网络通信端口表" icon="book" doctype="安装类" format="html" url="nodes/网络通信端口表.html">
            <node id="6667" name="说明" icon="book" format="html" doctype="安装类"
                url="网络通信端口表\topics\1615258073107.html" />
            <node id="6668" name="端口清单" icon="book" format="html" doctype="安装类"
                url="网络通信端口表\topics\1615258134029.html" />
        </node>
    </node>
</nodes>