<?xml version="1.0" ?> 
<nodes>
    <node name="License申请操作指南" id="3186" icon="book" doctype="维护类" format="html" url="nodes/License申请操作指南.html">
        <node name="申请License" url="License申请操作指南\topics\1602298756694.html"
            searchtitle="TECS_Director_License_Application_Operation_Guide" id="3187" icon="book" doctype="维护类"
            format="html" />
        <node name="导入License" url="License申请操作指南\topics\1602656212348.html" id="3188" icon="book" doctype="维护类"
            format="html" />
    </node>
    <node name="端口和服务清单" id="3189" icon="book" doctype="参考类" format="html" url="nodes/端口和服务清单.html">
        <node name="应用端口" url="端口和服务清单\topics\1622182617715.html" id="3190" icon="book" doctype="参考类"
            format="html" />
        <node name="平台端口" url="端口和服务清单\topics\1622182651861.html" id="3191" icon="book" doctype="参考类"
            format="html" />
    </node>
    <node id="1" name="缩略语" icon="book" doctype="" format="html" url="log.html" />
</nodes>