<?xml version="1.0" ?>
<nodes>
    <node name="文档包简介" id="1" icon="book" doctype="文档指南" format="html" url="nodes/文档包简介.html">
        <node name="更新历史" url="文档包简介\topics\bf248bf3092345ed9cc1a9e44034d150.html" id="2" icon="book" doctype="文档指南"
            format="html" />
        <node name="获取途径与意见反馈" url="文档包简介\topics\获取途径与意见反馈.html" id="3" icon="book" doctype="文档指南" format="html" />
        <node name="联系中兴通讯技术支持" url="文档包简介\topics\联系中兴通讯技术支持.html" searchtitle="联系中兴通讯" id="4" icon="book"
            doctype="文档指南" format="html" />
        <node name="法律声明" url="文档包简介\topics\1578896677846.html" id="5" icon="book" doctype="文档指南" format="html" />
    </node>
    <node name="描述" id="6" icon="book" doctype="描述类" format="html" url="nodes/描述.html">
        <node name="产品描述" id="7" icon="book" doctype="描述类" format="html" url="nodes/产品描述.html">
            <node name="产品定位与特点" url="产品描述\topics\产品定位与特点1.html" searchtitle="TECS_Director_Product_Description"
                id="8" icon="book" doctype="描述类" format="html">
                <node name="产品定位" url="产品描述\topics\产品定位.html" id="9" icon="book" doctype="描述类" format="html" />
                <node name="产品特点" url="产品描述\topics\产品特点.html" id="10" icon="book" doctype="描述类" format="html" />
            </node>
            <node name="系统架构" url="产品描述\topics\系统架构.html" id="11" icon="book" doctype="描述类" format="html" />
            <node name="主要功能" url="产品描述\topics\主要功能.html" id="12" icon="book" doctype="描述类" format="html">
                <node name="资源管理" url="产品描述\topics\资源管理1.html" id="13" icon="book" doctype="描述类" format="html">
                    <node name="资源纳管" url="产品描述\topics\功能_资源管理.html" id="14" icon="book" doctype="描述类"
                        format="html" />
                    <node name="资源调配" url="产品描述\topics\资产管理功能.html" id="15" icon="book" doctype="描述类"
                        format="html" />
                </node>
                <node name="运维管理" url="产品描述\topics\功能_运维管理.html" id="16" icon="book" doctype="描述类" format="html">
                    <node name="集中告警管理" url="产品描述\topics\集中告警管理.html" id="17" icon="book" doctype="描述类"
                        format="html" />
                    <node name="集中性能管理" url="产品描述\topics\集中性能管理.html" id="18" icon="book" doctype="描述类"
                        format="html" />
                    <node name="集中日志管理" url="产品描述\topics\集中日志管理.html" id="19" icon="book" doctype="描述类"
                        format="html" />
                    <node name="配置管理" url="产品描述\topics\配置管理.html" id="20" icon="book" doctype="描述类" format="html" />
                    <node name="报表管理" url="产品描述\topics\报表管理.html" id="21" icon="book" doctype="描述类" format="html" />
                    <node name="统一监控视图" url="产品描述\topics\统一监控视图.html" id="22" icon="book" doctype="描述类"
                        format="html" />
                    <node name="自动化运维" url="产品描述\topics\自动化运维.html" id="23" icon="book" doctype="描述类"
                        format="html" />
                    <node name="智能运维" url="产品描述\topics\智能运维.html" id="24" icon="book" doctype="描述类" format="html" />
                    <node name="系统自运维" url="产品描述\topics\系统自动运维.html" id="25" icon="book" doctype="描述类"
                        format="html" />
                    <node name="OpenStack组件运行状态监视" url="产品描述\topics\1634721775664.html" id="26" icon="book"
                        doctype="描述类" format="html" />
                </node>
                <node name="运营管理" url="产品描述\topics\运营管理.html" id="27" icon="book" doctype="描述类" format="html">
                    <node name="组织管理" url="产品描述\topics\组织管理功能.html" id="28" icon="book" doctype="描述类"
                        format="html" />
                    <node name="资源配额管理" url="产品描述\topics\资源配额管理.html" id="29" icon="book" doctype="描述类"
                        format="html" />
                    <node name="资源SLA服务等级" url="产品描述\topics\资源SLA服务等级.html" id="30" icon="book" doctype="描述类"
                        format="html" />
                    <node name="服务目录功能" url="产品描述\topics\服务目录功能.html" id="31" icon="book" doctype="描述类"
                        format="html" />
                    <node name="订单管理功能" url="产品描述\topics\订单管理功能.html" id="32" icon="book" doctype="描述类"
                        format="html" />
                    <node name="工单管理功能" url="产品描述\topics\工单管理功能.html" id="33" icon="book" doctype="描述类"
                        format="html" />
                    <node name="资源计量功能" url="产品描述\topics\资源计量功能.html" id="34" icon="book" doctype="描述类"
                        format="html" />
                    <node name="安全管理功能" url="产品描述\topics\安全管理功能.html" id="35" icon="book" doctype="描述类"
                        format="html" />
                </node>
                <node name="统一门户" url="产品描述\topics\统一门户.html" id="36" icon="book" doctype="描述类" format="html">
                    <node name="管理员门户" url="产品描述\topics\管理员门户.html" id="37" icon="book" doctype="描述类"
                        format="html" />
                    <node name="自服务门户" url="产品描述\topics\自服务门户.html" id="38" icon="book" doctype="描述类"
                        format="html" />
                </node>
                <node name="安全性" url="产品描述\topics\1634790049486.html" id="39" icon="book" doctype="描述类"
                    format="html">
                    <node name="用户安全" url="产品描述\topics\1634790034627.html" id="40" icon="book" doctype="描述类"
                        format="html" />
                    <node name="系统安全" url="产品描述\topics\1634790037811.html" id="41" icon="book" doctype="描述类"
                        format="html" />
                </node>
                <node name="可靠性" url="产品描述\topics\可靠性.html" id="42" icon="book" doctype="描述类" format="html">
                    <node name="多节点集群HA" url="产品描述\topics\多节点集群HA.html" id="43" icon="book" doctype="描述类"
                        format="html" />
                    <node name="系统备份" url="产品描述\topics\系统备份.html" id="44" icon="book" doctype="描述类" format="html" />
                    <node name="异地容灾" url="产品描述\topics\1634790348666.html" id="45" icon="book" doctype="描述类"
                        format="html" />
                </node>
            </node>
            <node name="接口" url="产品描述\topics\接口.html" id="46" icon="book" doctype="描述类" format="html" />
            <node name="技术指标" url="产品描述\topics\技术指标.html" id="47" icon="book" doctype="描述类" format="html">
                <node name="系统规格" url="产品描述\topics\容量指标.html" id="48" icon="book" doctype="描述类" format="html" />
                <node name="可靠性指标" url="产品描述\topics\可靠性指标.html" id="49" icon="book" doctype="描述类" format="html" />
            </node>
        </node>
        <node name="隐私保护声明" id="50" icon="book" doctype="描述类" format="html" url="nodes/隐私保护声明.html">
            <node name="概述" url="隐私保护声明\topics\1623049452760.html" id="51" icon="book" doctype="描述类"
                format="html" />
            <node name="产品角色及责任" url="隐私保护声明\topics\1623049493698.html" id="52" icon="book" doctype="描述类"
                format="html" />
            <node name="数据处理功能" url="隐私保护声明\topics\1623049776834.html" id="53" icon="book" doctype="描述类"
                format="html" />
            <node name="数据主体权利实现" url="隐私保护声明\topics\1623049845184.html" id="54" icon="book" doctype="描述类"
                format="html" />
            <node name="数据共享、传输、披露" url="隐私保护声明\topics\1623049904073.html" id="55" icon="book" doctype="描述类"
                format="html" />
            <node name="数据保护措施" url="隐私保护声明\topics\1623049930682.html" id="56" icon="book" doctype="描述类"
                format="html">
                <node name="个人数据保护特色功能" url="隐私保护声明\topics\1623050313081.html" id="57" icon="book" doctype="描述类"
                    format="html" />
            </node>
        </node>
    </node>
    <node name="安装与调试" id="58" icon="book" doctype="安装类" format="html" url="nodes/安装与调试.html">
        <node name="TCF部署TECS Director" id="59" icon="book" doctype="安装类" format="html"
            url="nodes/TCF部署TECS Director.html">
            <node name="概述" url="TCF部署TECS Director\topics\1656052025224.html" id="60" icon="book" doctype="安装类"
                format="html" />
            <node name="部署前准备" url="TCF部署TECS Director\topics\1673853490485.html" id="61" icon="book" doctype="安装类"
                format="html">
                <node name="节点及规格" url="TCF部署TECS Director\topics\1673853485254.html" id="62" icon="book"
                    doctype="安装类" format="html">
                    <node name="虚机场景" url="TCF部署TECS Director\topics\1656052990414.html" id="63" icon="book"
                        doctype="安装类" format="html" />
                    <node name="物理机场景" url="TCF部署TECS Director\topics\1656053472372.html" id="64" icon="book"
                        doctype="安装类" format="html" />
                </node>
                <node name="网络规划" url="TCF部署TECS Director\topics\1673853480105.html" id="65" icon="book"
                    doctype="安装类" format="html">
                    <node name="虚机容灾场景" url="TCF部署TECS Director\topics\1663834273446.html" id="66" icon="book"
                        doctype="安装类" format="html" />
                    <node name="虚机非容灾场景" url="TCF部署TECS Director\topics\1663834270406.html" id="67" icon="book"
                        doctype="安装类" format="html" />
                    <node name="物理机容灾场景" url="TCF部署TECS Director\topics\1656052393124.html" id="68" icon="book"
                        doctype="安装类" format="html" />
                    <node name="物理机非容灾场景" url="TCF部署TECS Director\topics\1656052681800.html" id="69" icon="book"
                        doctype="安装类" format="html" />
                </node>
                <node name="版本及节点配置" url="TCF部署TECS Director\topics\1673853573264.html" id="70" icon="book"
                    doctype="安装类" format="html">
                    <node name="软件版本" url="TCF部署TECS Director\topics\1656053557186.html" id="71" icon="book"
                        doctype="安装类" format="html" />
                    <node name="虚机场景节点准备" url="TCF部署TECS Director\topics\1675769758325.html" id="72" icon="book"
                        doctype="安装类" format="html">
                        <node name="TECS资源池节点准备" url="TCF部署TECS Director\topics\1656923807949.html" id="73"
                            icon="book" doctype="安装类" format="html" />
                        <node name="vmware资源池节点准备" url="TCF部署TECS Director\topics\1675769764215.html" id="74"
                            icon="book" doctype="安装类" format="html" />
                    </node>
                    <node name="网卡固化（可选）" url="TCF部署TECS Director\topics\1656057081105.html" id="75" icon="book"
                        doctype="安装类" format="html" />
                </node>
                <node name="准备模板" url="TCF部署TECS Director\topics\1662364756399.html" id="76" icon="book"
                    doctype="安装类" format="html" />
                <node name="daisyseed准备" url="TCF部署TECS Director\topics\1689561776738.html" id="77" icon="book"
                    doctype="安装类" format="html">
                    <node name="Linux虚机场景daisyseed准备" url="TCF部署TECS Director\topics\1662430678608.html" id="78"
                        icon="book" doctype="安装类" format="html" />
                    <node name="Windows系统daisyseed准备" url="TCF部署TECS Director\topics\1662446293097.html" id="79"
                        icon="book" doctype="安装类" format="html" />
                </node>
            </node>
            <node name="执行部署" url="TCF部署TECS Director\topics\1673860647711.html" id="80" icon="book" doctype="安装类"
                format="html">
                <node name="命令行部署" url="TCF部署TECS Director\topics\1656056504319.html" id="81" icon="book"
                    doctype="安装类" format="html" />
                <node name="图形界面部署" url="TCF部署TECS Director\topics\1662447276943.html" id="82" icon="book"
                    doctype="安装类" format="html" />
            </node>
            <node name="部署后处理" url="TCF部署TECS Director\topics\1673938286304.html" id="83" icon="book" doctype="安装类"
                format="html">
                <node name="安全加固" url="TCF部署TECS Director\topics\1656057210023.html" id="84" icon="book"
                    doctype="安装类" format="html" />
                <node name="系统license申请和导入" url="TCF部署TECS Director\topics\1656057235202.html" id="85" icon="book"
                    doctype="安装类" format="html" />
            </node>
            <node name="FAQ" url="TCF部署TECS Director\topics\1682241451806.html" id="86" icon="book" doctype="安装类"
                format="html">
                <node name="Daisyseed搭建" url="TCF部署TECS Director\topics\1682241447506.html" id="87" icon="book"
                    doctype="安装类" format="html">
                    <node name="物理机Linux系统daisyseed准备" url="TCF部署TECS Director\topics\1656922698800.html" id="88"
                        icon="book" doctype="安装类" format="html" />
                    <node name="虚机linux系统daisyseed搭建" url="TCF部署TECS Director\topics\1663837153873.html" id="89"
                        icon="book" doctype="安装类" format="html" />
                    <node name="daisyseed分区扩容" url="TCF部署TECS Director\topics\1665562936702.html" id="90"
                        icon="book" doctype="安装类" format="html" />
                </node>
                <node name="单独部署TECS Director" url="TCF部署TECS Director\topics\1658731272729.html" id="91"
                    icon="book" doctype="安装类" format="html" />
                <node name="卸载TECS Director" url="TCF部署TECS Director\topics\1656295113352.html" id="92" icon="book"
                    doctype="安装类" format="html" />
                <node name="部署网络不通常见遇到的问题" url="TCF部署TECS Director\topics\1656295332464.html" id="93" icon="book"
                    doctype="安装类" format="html" />
                <node name="配置和更改外部时钟源" url="TCF部署TECS Director\topics\1682041783330.html" id="94" icon="book"
                    doctype="安装类" format="html" />
            </node>
        </node>
        <node name="硬件配置" id="95" icon="book" doctype="安装类" format="html" url="nodes/硬件配置.html">
            <node name="基本概念" url="硬件配置\topics\基本概念.html" searchtitle="TECS_Director_Hardware_Configuration" id="96"
                icon="book" doctype="安装类" format="html">
                <node name="逻辑结构" url="硬件配置\topics\系统架构.html" id="97" icon="book" doctype="安装类" format="html" />
                <node name="组网架构" url="硬件配置\topics\组网方案.html" id="98" icon="book" doctype="安装类" format="html" />
            </node>
            <node name="配置HP C7000硬件" url="硬件配置\topics\HPC7000硬件配置.html" id="99" icon="book" doctype="安装类"
                format="html" />
            <node name="配置ZTE E9000硬件" url="硬件配置\topics\ZTEE9000硬件配置.html" id="100" icon="book" doctype="安装类"
                format="html" />
            <node name="配置ZTE R5300硬件" url="硬件配置\topics\ZTER5300硬件配置.html" id="101" icon="book" doctype="安装类"
                format="html" />
        </node>
        <node name="配置指南" id="102" icon="book" doctype="安装类" format="html" url="nodes/配置指南.html">
            <node name="概述" url="配置指南\topics\2-概述.html" searchtitle="TECS_Director_Data_Configuration_Guide"
                id="103" icon="book" doctype="安装类" format="html" />
            <node name="安全管理" url="配置指南\topics\1571995930854.html" id="104" icon="book" doctype="安装类" format="html">
                <node name="安全管理简介" url="配置指南\topics\1571996119322.html" id="105" icon="book" doctype="安装类"
                    format="html" />
                <node name="角色管理" url="配置指南\topics\1572330341064.html" id="106" icon="book" doctype="安装类"
                    format="html">
                    <node name="新建操作集" url="配置指南\topics\1572316765687.html" id="107" icon="book" doctype="安装类"
                        format="html" />
                    <node name="修改操作集" url="配置指南\topics\1572330304622.html" id="108" icon="book" doctype="安装类"
                        format="html" />
                    <node name="删除操作集" url="配置指南\topics\1572330319353.html" id="109" icon="book" doctype="安装类"
                        format="html" />
                    <node name="新建角色" url="配置指南\topics\1572256853463.html" id="110" icon="book" doctype="安装类"
                        format="html" />
                    <node name="修改角色" url="配置指南\topics\1572318924518.html" id="111" icon="book" doctype="安装类"
                        format="html" />
                    <node name="查看角色分配用户" url="配置指南\topics\1572318983453.html" id="112" icon="book" doctype="安装类"
                        format="html" />
                    <node name="删除角色" url="配置指南\topics\1572320586500.html" id="113" icon="book" doctype="安装类"
                        format="html" />
                    <node name="复制角色" url="配置指南\topics\1572328400153.html" id="114" icon="book" doctype="安装类"
                        format="html" />
                </node>
                <node name="用户管理" url="配置指南\topics\1572228068997.html" id="115" icon="book" doctype="安装类"
                    format="html">
                    <node name="新建用户" url="配置指南\topics\1572250611566.html" id="116" icon="book" doctype="安装类"
                        format="html" />
                    <node name="修改用户" url="配置指南\topics\1572254009902.html" id="117" icon="book" doctype="安装类"
                        format="html" />
                    <node name="删除用户" url="配置指南\topics\1572255039863.html" id="118" icon="book" doctype="安装类"
                        format="html" />
                    <node name="复制用户" url="配置指南\topics\1572333813319.html" id="119" icon="book" doctype="安装类"
                        format="html" />
                    <node name="查看用户权限" url="配置指南\topics\1572335638630.html" id="120" icon="book" doctype="安装类"
                        format="html" />
                    <node name="修改当前用户密码" url="配置指南\topics\8705220.html" id="121" icon="book" doctype="安装类"
                        format="html" />
                    <node name="批量修改密码" url="配置指南\topics\1572337682382.html" id="122" icon="book" doctype="安装类"
                        format="html" />
                    <node name="新建用户组" url="配置指南\topics\1572339731378.html" id="123" icon="book" doctype="安装类"
                        format="html" />
                    <node name="管理登录用户" url="配置指南\topics\1572347282171.html" id="124" icon="book" doctype="安装类"
                        format="html" />
                    <node name="解锁用户" url="配置指南\topics\1572349601895.html" id="125" icon="book" doctype="安装类"
                        format="html" />
                    <node name="批量导入组织用户" url="配置指南\topics\8544922.html" id="126" icon="book" doctype="安装类"
                        format="html" />
                </node>
                <node name="账户规则" url="配置指南\topics\1572397521764.html" id="127" icon="book" doctype="安装类"
                    format="html">
                    <node name="新建账户规则" url="配置指南\topics\1572397905985.html" id="128" icon="book" doctype="安装类"
                        format="html" />
                    <node name="修改账户规则" url="配置指南\topics\1572403478559.html" id="129" icon="book" doctype="安装类"
                        format="html" />
                    <node name="删除账户规则" url="配置指南\topics\1572404355051.html" id="130" icon="book" doctype="安装类"
                        format="html" />
                    <node name="绑定用户" url="配置指南\topics\1572404752049.html" id="131" icon="book" doctype="安装类"
                        format="html" />
                </node>
                <node name="配置参数" url="配置指南\topics\1572415297369.html" id="132" icon="book" doctype="安装类"
                    format="html" />
                <node name="配置认证方式" url="配置指南\topics\1572416511111.html" id="133" icon="book" doctype="安装类"
                    format="html" />
                <node name="管理密钥" url="配置指南\topics\1618298666882.html" id="134" icon="book" doctype="安装类"
                    format="html" />
            </node>
            <node name="资源配置管理" url="配置指南\topics\9-资源配置管理.html" id="135" icon="book" doctype="安装类" format="html">
                <node name="添加数据中心" url="配置指南\topics\10-添加数据中心.html" id="136" icon="book" doctype="安装类"
                    format="html" />
                <node name="配置云环境" url="配置指南\topics\1644395775127.html" id="137" icon="book" doctype="安装类"
                    format="html">
                    <node name="添加云环境" url="配置指南\topics\11-添加云环境.html" id="138" icon="book" doctype="安装类"
                        format="html" />
                    <node name="配置云环境单点登录" url="配置指南\topics\1579253681478.html" id="139" icon="book" doctype="安装类"
                        format="html" />
                    <node name="配置DPM及DRS" url="配置指南\topics\DPM及DRS配置.html" id="140" icon="book" doctype="安装类"
                        format="html" />
                </node>
                <node name="添加容器云" url="配置指南\topics\1563264929075.html" id="141" icon="book" doctype="安装类"
                    format="html" />
                <node name="添加网络环境" url="配置指南\topics\1673936708709.html" id="142" icon="book" doctype="安装类"
                    format="html" />
                <node name="添加主机集群" url="配置指南\topics\12-添加主机集群.html" id="143" icon="book" doctype="安装类"
                    format="html" />
                <node name="添加SDN" url="配置指南\topics\13-添加SDNC.html" id="144" icon="book" doctype="安装类"
                    format="html" />
                <node name="配置云网络" url="配置指南\topics\14-云网络.html" id="145" icon="book" doctype="安装类" format="html">
                    <node name="添加云环境网络" url="配置指南\topics\15-添加云环境网络.html" id="146" icon="book" doctype="安装类"
                        format="html" />
                    <node name="添加云环境子网池" url="配置指南\topics\16-添加云环境子网池.html" id="147" icon="book" doctype="安装类"
                        format="html" />
                    <node name="添加云环境路由器" url="配置指南\topics\17-添加云环境路由器.html" id="148" icon="book" doctype="安装类"
                        format="html" />
                    <node name="添加VLAN池" url="配置指南\topics\18-添加VLAN池.html" id="149" icon="book" doctype="安装类"
                        format="html" />
                    <node name="添加QoS策略" url="配置指南\topics\19-添加QoS策略.html" id="150" icon="book" doctype="安装类"
                        format="html" />
                    <node name="查看云网络拓扑" url="配置指南\topics\云网络拓扑.html" id="151" icon="book" doctype="安装类"
                        format="html" />
                </node>
                <node name="上传镜像" url="配置指南\topics\20-上传镜像.html" id="152" icon="book" doctype="安装类" format="html" />
                <node name="发布镜像" url="配置指南\topics\1648714413722.html" id="153" icon="book" doctype="安装类"
                    format="html" />
                <node name="虚机规格管理" url="配置指南\topics\1603189805006.html" id="154" icon="book" doctype="安装类"
                    format="html">
                    <node name="创建虚机规格" url="配置指南\topics\2901139.html" id="155" icon="book" doctype="安装类"
                        format="html" />
                    <node name="创建加速硬件规格" url="配置指南\topics\1647935733961.html" id="156" icon="book" doctype="安装类"
                        format="html" />
                    <node name="发布虚机规格" url="配置指南\topics\1542607058976.html" id="157" icon="book" doctype="安装类"
                        format="html" />
                </node>
                <node name="使用heat模板创建虚机" url="配置指南\topics\1610613816675.html" id="158" icon="book" doctype="安装类"
                    format="html" />
                <node name="添加云硬盘QoS" url="配置指南\topics\7745242.html" id="159" icon="book" doctype="安装类"
                    format="html" />
                <node name="添加云硬盘类型" url="配置指南\topics\22-添加云硬盘类型.html" id="160" icon="book" doctype="安装类"
                    format="html" />
                <node name="添加共享文件类型" url="配置指南\topics\1226026.html" id="161" icon="book" doctype="安装类"
                    format="html" />
                <node name="发布裸金属" url="配置指南\topics\23-发布裸金属.html" id="162" icon="book" doctype="安装类"
                    format="html" />
                <node name="绑定裸金属端口" url="配置指南\topics\1542531870370.html" id="163" icon="book" doctype="安装类"
                    format="html" />
                <node name="配置安全管理中心" url="配置指南\topics\1656039403989.html" id="164" icon="book" doctype="安装类"
                    format="html" />
                <node name="添加网络资源" url="配置指南\topics\1658213841057.html" id="165" icon="book" doctype="安装类"
                    format="html" />
                <node name="添加对接配置" url="配置指南\topics\1656641083441.html" id="166" icon="book" doctype="安装类"
                    format="html" />
                <node name="添加镜像资源" url="配置指南\topics\1658214128909.html" id="167" icon="book" doctype="安装类"
                    format="html" />
                <node name="管理集群规格" url="配置指南\topics\1656642569025.html" id="168" icon="book" doctype="安装类"
                    format="html" />
                <node name="创建容器集群" url="配置指南\topics\1658214738250.html" id="169" icon="book" doctype="安装类"
                    format="html" />
            </node>
            <node name="组织和VDC管理" url="配置指南\topics\25-组织和VDC管理.html" id="170" icon="book" doctype="安装类"
                format="html">
                <node name="设置云环境资源服务等级（可选）" url="配置指南\topics\5549612.html" id="171" icon="book" doctype="安装类"
                    format="html" />
                <node name="添加组织" url="配置指南\topics\1602665626163.html" id="172" icon="book" doctype="安装类"
                    format="html">
                    <node name="在线添加组织" url="配置指南\topics\27-创建组织.html" id="173" icon="book" doctype="安装类"
                        format="html" />
                    <node name="批量导入组织" url="配置指南\topics\0494325.html" id="174" icon="book" doctype="安装类"
                        format="html" />
                </node>
                <node name="创建VDC" url="配置指南\topics\28-添加VDC.html" id="175" icon="book" doctype="安装类"
                    format="html" />
                <node name="绑定VDC和云环境用户（可选）" url="配置指南\topics\1579230764551.html" id="176" icon="book" doctype="安装类"
                    format="html" />
                <node name="绑定VDC和云环境租户" url="配置指南\topics\操作任务（空）.html" id="177" icon="book" doctype="安装类"
                    format="html" />
                <node name="添加组织管理员" url="配置指南\topics\29-添加组织管理员.html" id="178" icon="book" doctype="安装类"
                    format="html" />
                <node name="添加组织用户" url="配置指南\topics\1648517785995.html" id="179" icon="book" doctype="安装类"
                    format="html" />
                <node name="绑定组织和VDC" url="配置指南\topics\1563178123213.html" id="180" icon="book" doctype="安装类"
                    format="html" />
                <node name="申请VDC" url="配置指南\topics\1634805094887.html" id="181" icon="book" doctype="安装类"
                    format="html" />
                <node name="修改组织配额" url="配置指南\topics\1619334147959.html" id="182" icon="book" doctype="安装类"
                    format="html" />
            </node>
            <node name="子组织管理" url="配置指南\topics\1579771345956.html" id="183" icon="book" doctype="安装类"
                format="html">
                <node name="创建子组织" url="配置指南\topics\1602666282511.html" id="184" icon="book" doctype="安装类"
                    format="html">
                    <node name="创建子组织" url="配置指南\topics\1579771346159.html" id="185" icon="book" doctype="安装类"
                        format="html" />
                    <node name="批量导入子组织" url="配置指南\topics\1602666041038.html" id="186" icon="book" doctype="安装类"
                        format="html" />
                </node>
                <node name="创建子组织管理员" url="配置指南\topics\1579771346489.html" id="187" icon="book" doctype="安装类"
                    format="html" />
                <node name="给子组织分配VDC" url="配置指南\topics\1579771346598.html" id="188" icon="book" doctype="安装类"
                    format="html" />
                <node name="创建端用户" url="配置指南\topics\1579771346801.html" id="189" icon="book" doctype="安装类"
                    format="html" />
                <node name="删除子组织" url="配置指南\topics\1579771346911.html" id="190" icon="book" doctype="安装类"
                    format="html" />
            </node>
            <node name="虚机发布管理" url="配置指南\topics\39-虚机发布管理.html" id="191" icon="book" doctype="安装类" format="html">
                <node name="上传VDC镜像（可选）" url="配置指南\topics\40-上传VDC镜像.html" id="192" icon="book" doctype="安装类"
                    format="html" />
                <node name="添加虚机云网络" url="配置指南\topics\7093386.html" id="193" icon="book" doctype="安装类"
                    format="html" />
                <node name="添加安全组" url="配置指南\topics\7774156.html" id="194" icon="book" doctype="安装类"
                    format="html" />
                <node name="创建密钥对" url="配置指南\topics\1610676114487.html" id="195" icon="book" doctype="安装类"
                    format="html" />
                <node name="创建云硬盘" url="配置指南\topics\43-创建云硬盘.html" id="196" icon="book" doctype="安装类"
                    format="html" />
                <node name="发布虚机" url="配置指南\topics\44-发布虚机.html" id="197" icon="book" doctype="安装类" format="html" />
                <node name="扩容虚机磁盘" url="配置指南\topics\1634629812890.html" id="198" icon="book" doctype="安装类"
                    format="html" />
            </node>
            <node name="公有云管理" url="配置指南\topics\1616724940861.html" id="199" icon="book" doctype="安装类"
                format="html">
                <node name="接入公有云" url="配置指南\topics\46-添加供应商.html" id="200" icon="book" doctype="安装类"
                    format="html" />
                <node name="虚拟资源管理" url="配置指南\topics\47-虚拟资源管理.html" id="201" icon="book" doctype="安装类"
                    format="html" />
                <node name="添加专有网络" url="配置指南\topics\48-添加专有网络.html" id="202" icon="book" doctype="安装类"
                    format="html" />
            </node>
            <node name="系统管理" url="配置指南\topics\1616724946262.html" id="203" icon="book" doctype="安装类" format="html">
                <node name="配置北向参数" url="配置指南\topics\51-配置北向参数.html" id="204" icon="book" doctype="安装类"
                    format="html" />
                <node name="配置南向参数" url="配置指南\topics\52-配置南向参数.html" id="205" icon="book" doctype="安装类"
                    format="html" />
                <node name="配置第三方备份服务器" url="配置指南\topics\54-配置第三方备份服务器.html" id="206" icon="book" doctype="安装类"
                    format="html" />
                <node name="配置Internet代理" url="配置指南\topics\55-配置Internet代理.html" id="207" icon="book" doctype="安装类"
                    format="html" />
                <node name="设置DNS" url="配置指南\topics\1563260093642.html" id="208" icon="book" doctype="安装类"
                    format="html" />
                <node name="设置分域" url="配置指南\topics\1573787101972.html" id="209" icon="book" doctype="安装类"
                    format="html" />
                <node name="管理证书" url="配置指南\topics\1573782626455.html" id="210" icon="book" doctype="安装类"
                    format="html">
                    <node name="添加根证书" url="配置指南\topics\9031638.html" id="211" icon="book" doctype="安装类"
                        format="html" />
                    <node name="修改服务端证书" url="配置指南\topics\9225300.html" id="212" icon="book" doctype="安装类"
                        format="html" />
                    <node name="更新证书" url="配置指南\topics\2352045.html" id="213" icon="book" doctype="安装类"
                        format="html" />
                </node>
                <node name="修改公共服务密码" url="配置指南\topics\1579164679569.html" id="214" icon="book" doctype="安装类"
                    format="html" />
                <node name="配置日志" url="配置指南\topics\57-配置日志.html" id="215" icon="book" doctype="安装类" format="html" />
                <node name="设置Qos告警" url="配置指南\topics\1573798769164.html" id="216" icon="book" doctype="安装类"
                    format="html" />
                <node name="管理日志提醒" url="配置指南\topics\58-日志提醒.html" id="217" icon="book" doctype="安装类"
                    format="html" />
                <node name="备份恢复" url="配置指南\topics\1579402293277.html" id="218" icon="book" doctype="安装类"
                    format="html">
                    <node name="手工备份数据" url="配置指南\topics\1579402439649.html" id="219" icon="book" doctype="安装类"
                        format="html" />
                    <node name="自动备份数据" url="配置指南\topics\1579429392808.html" id="220" icon="book" doctype="安装类"
                        format="html" />
                    <node name="恢复数据" url="配置指南\topics\1579603845168.html" id="221" icon="book" doctype="安装类"
                        format="html" />
                    <node name="删除大数据" url="配置指南\topics\1579683004603.html" id="222" icon="book" doctype="安装类"
                        format="html" />
                    <node name="配置备份选项" url="配置指南\topics\1579681413024.html" id="223" icon="book" doctype="安装类"
                        format="html" />
                    <node name="查看备份恢复日志" url="配置指南\topics\1579413245630.html" id="224" icon="book" doctype="安装类"
                        format="html" />
                </node>
                <node name="导入许可证" url="配置指南\topics\64-导入许可证.html" id="225" icon="book" doctype="安装类"
                    format="html" />
                <node name="诊断工具" url="配置指南\topics\67-诊断工具.html" id="226" icon="book" doctype="安装类" format="html" />
                <node name="配置杀毒" url="配置指南\topics\1625471243982.html" id="227" icon="book" doctype="安装类"
                    format="html" />
                <node name="设置消息通知" url="配置指南\topics\1625815492317.html" id="228" icon="book" doctype="安装类"
                    format="html" />
                <node name="管理公告和建议" url="配置指南\topics\1672139243328.html" id="229" icon="book" doctype="安装类"
                    format="html" />
                <node name="设置审批系统" url="配置指南\topics\1634803174975.html" id="230" icon="book" doctype="安装类"
                    format="html" />
                <node name="配置资源" url="配置指南\topics\1634636079547.html" id="231" icon="book" doctype="安装类"
                    format="html" />
                <node name="管理配额参数" url="配置指南\topics\1640142774737.html" id="232" icon="book" doctype="安装类"
                    format="html" />
                <node name="配置资源映射" url="配置指南\topics\1648111817532.html" id="233" icon="book" doctype="安装类"
                    format="html" />
                <node name="网络协议栈改配" url="配置指南\topics\1665647746532.html" id="234" icon="book" doctype="安装类"
                    format="html">
                    <node name="改配SLB地址" url="配置指南\topics\1665648224579.html" id="235" icon="book" doctype="安装类"
                        format="html" />
                    <node name="改配运维地址" url="配置指南\topics\1665648796840.html" id="236" icon="book" doctype="安装类"
                        format="html" />
                </node>
            </node>
        </node>
        <node name="对接指南" id="237" icon="book" doctype="安装类" format="html" url="nodes/对接指南.html">
            <node name="对接关系" url="对接指南\topics\对接关系图.html" searchtitle="TECS_Director_Interconnection_Guide"
                id="238" icon="book" doctype="安装类" format="html" />
            <node name="对接TECS OpenStack" url="对接指南\topics\对接TECSOpenStack1.html" id="239" icon="book" doctype="安装类"
                format="html">
                <node name="在TECS OpenStack创建对接用户" url="对接指南\topics\在Provider创建对接用户.html" id="240" icon="book"
                    doctype="安装类" format="html">
                    <node name="在TECS OpenStack创建TECS 云管系统对接用户（V3.17.14）" url="对接指南\topics\1602466461262.html"
                        id="241" icon="book" doctype="安装类" format="html" />
                    <node name="在TECS OpenStack创建TECS 云管系统对接用户（V3.17.15）" url="对接指南\topics\1602466620008.html"
                        id="242" icon="book" doctype="安装类" format="html" />
                </node>
                <node name="采集TCF K+O日志" url="对接指南\topics\1621930799512.html" id="243" icon="book" doctype="安装类"
                    format="html" />
                <node name="在TECS 云管系统对接TECS OpenStack" url="对接指南\topics\在Director对接Provider.html" id="244"
                    icon="book" doctype="安装类" format="html" />
                <node name="TECS OpenStack告警上报到TECS 云管系统配置说明" url="对接指南\topics\1563519927228.html" id="245"
                    icon="book" doctype="安装类" format="html">
                    <node name="检查TECS OpenStack告警上报地址配置参数" url="对接指南\topics\检查Provider 告警上报地址配置.html" id="246"
                        icon="book" doctype="安装类" format="html" />
                    <node name="配置TECS OpenStack SNMP参数" url="对接指南\topics\配置Provider SNMP参数.html" id="247"
                        icon="book" doctype="安装类" format="html" />
                </node>
                <node name="修改TECS OpenStack性能数据采集周期" url="对接指南\topics\1564110345266.html" id="248" icon="book"
                    doctype="安装类" format="html" />
                <node name="修改云环境配置项（可选）" url="对接指南\topics\1564111170814.html" id="249" icon="book" doctype="安装类"
                    format="html" />
            </node>
            <node name="对接TCF双核云环境" url="对接指南\topics\1610519119953.html" id="250" icon="book" doctype="安装类"
                format="html">
                <node name="对接纯O云环境" url="对接指南\topics\1610519178045.html" id="251" icon="book" doctype="安装类"
                    format="html" />
                <node name="对接纯K云环境" url="对接指南\topics\1610606287586.html" id="252" icon="book" doctype="安装类"
                    format="html" />
                <node name="对接K+O云环境" url="对接指南\topics\1610611896699.html" id="253" icon="book" doctype="安装类"
                    format="html" />
            </node>
            <node name="对接MANO" url="对接指南\topics\对接MANO.html" id="254" icon="book" doctype="安装类" format="html">
                <node name="对接MANO工作流程" url="对接指南\topics\对接MANO流程.html" id="255" icon="book" doctype="安装类"
                    format="html" />
                <node name="获取云环境CloudEnvId信息" url="对接指南\topics\实例.html" id="256" icon="book" doctype="安装类"
                    format="html" />
                <node name="对接云环境" url="对接指南\topics\1557385399111.html" id="257" icon="book" doctype="安装类"
                    format="html" />
                <node name="配置性能北向FTP参数"
                    url="对接指南\topics\Configuring the Northbound Performance FTP Parameters.html" id="258"
                    icon="book" doctype="安装类" format="html" />
                <node name="配置资源北向FTP参数" url="对接指南\topics\Configuring the Northbound Resource FTP Parameters.html"
                    id="259" icon="book" doctype="安装类" format="html" />
            </node>
            <node name="对接U31 NMS系统" url="对接指南\topics\1572421287005.html" id="260" icon="book" doctype="安装类"
                format="html">
                <node name="配置性能南向FTP服务器参数" url="对接指南\topics\Configuring the Performance South FTP Parameters.html"
                    id="261" icon="book" doctype="安装类" format="html" />
                <node name="配置资源南向FTP服务器参数" url="对接指南\topics\Configuring the Resource South FTP Parameters.html"
                    id="262" icon="book" doctype="安装类" format="html" />
                <node name="配置日志对接" url="对接指南\topics\1601176785821.html" id="263" icon="book" doctype="安装类"
                    format="html" />
            </node>
            <node name="对接阿里云" url="对接指南\topics\1582680517230.html" id="264" icon="book" doctype="安装类"
                format="html">
                <node name="在阿里云获取对接密钥和密钥ID" url="对接指南\topics\在阿里云配置对接密钥和密钥ID.html" id="265" icon="book"
                    doctype="安装类" format="html" />
                <node name="配置云管系统连接Internet" url="对接指南\topics\配置Director连接Internet.html" id="266" icon="book"
                    doctype="安装类" format="html" />
                <node name="接入公有云" url="对接指南\topics\46-添加供应商.html" id="267" icon="book" doctype="安装类"
                    format="html" />
            </node>
            <node name="对接Uniview" url="对接指南\topics\对接Uniview.html" id="268" icon="book" doctype="安装类"
                format="html">
                <node name="在Uniview创建对接用户" url="对接指南\topics\在Uniview创建对接用户.html" id="269" icon="book" doctype="安装类"
                    format="html" />
                <node name="在云管系统上对接Uniview" url="对接指南\topics\在Director上对接Uniview.html" id="270" icon="book"
                    doctype="安装类" format="html" />
            </node>
            <node name="对接配置资源北向" url="对接指南\topics\操作任务（空）.html" id="271" icon="book" doctype="安装类" format="html" />
            <node name="对接异厂家VIM" url="对接指南\topics\对接异厂家VIM.html" id="272" icon="book" doctype="安装类"
                format="html" />
            <node name="对接容器云" url="对接指南\topics\1601176757773.html" id="273" icon="book" doctype="安装类"
                format="html" />
            <node name="对接LDAP" url="对接指南\topics\1601176761225.html" id="274" icon="book" doctype="安装类"
                format="html" />
            <node name="对接RADIUS" url="对接指南\topics\1621925919228.html" id="275" icon="book" doctype="安装类"
                format="html" />
            <node name="对接PaaS的QoS告警" url="对接指南\topics\1603186489658.html" id="276" icon="book" doctype="安装类"
                format="html" />
            <node name="对接异地容灾" url="对接指南\topics\1610094926618.html" id="277" icon="book" doctype="安装类"
                format="html" />
            <node name="配置资源北向接口对接" url="对接指南\topics\1655364081320.html" id="278" icon="book" doctype="安装类"
                format="html" />
            <node name="对接性能统计北向文件" url="对接指南\topics\1655793160545.html" id="279" icon="book" doctype="安装类"
                format="html" />
            <node name="配置告警SNMP北向对接" url="对接指南\topics\1655793263360.html" id="280" icon="book" doctype="安装类"
                format="html" />
            <node name="对接华三存储" url="对接指南\topics\1673667697110.html" id="281" icon="book" doctype="安装类"
                format="html" />
            <node name="参考" url="对接指南\topics\leandoc_0.html" id="282" icon="book" doctype="安装类" format="html">
                <node name="端口开放列表" url="对接指南\topics\1565834445321.html" id="283" icon="book" doctype="安装类"
                    format="html" />
                <node name="对接云环境认证方式" url="对接指南\topics\1601171500758.html" id="284" icon="book" doctype="安装类"
                    format="html">
                    <node name="对接单向认证云环境" url="对接指南\topics\1601172178327.html" id="285" icon="book" doctype="安装类"
                        format="html" />
                    <node name="对接双向认证云环境" url="对接指南\topics\1594966653017.html" id="286" icon="book" doctype="安装类"
                        format="html">
                        <node name="对接单个云环境双向认证" url="对接指南\topics\1594966724488.html" id="287" icon="book"
                            doctype="安装类" format="html" />
                        <node name="对接两个云环境双向认证" url="对接指南\topics\3119668.html" id="288" icon="book" doctype="安装类"
                            format="html" />
                    </node>
                </node>
            </node>
        </node>
    </node>
</nodes>