<?xml version="1.0" ?>
<nodes>
    <node name="性能FTP北向接口规范" id="3109" icon="book" doctype="描述类" format="html" url="nodes/性能FTP北向接口规范.html">
        <node name="范围" url="性能FTP北向接口规范\topics\097ccd93f83f46ceb2b9edadcfc49fd8.html"
            searchtitle="TECS_Director_Performance_FTP_Northbound_Interface_Specifications" id="3110" icon="book"
            doctype="描述类" format="html" />
        <node name="FTP性能北向接口规范" url="性能FTP北向接口规范\topics\leandoc_0.html" id="3111" icon="book" doctype="描述类"
            format="html">
            <node name="文件访问方式" url="性能FTP北向接口规范\topics\3d2908b605ed4064acd68b39de04a3eb.html" id="3112" icon="book"
                doctype="描述类" format="html" />
            <node name="文件存储路径" url="性能FTP北向接口规范\topics\6517a5e9a36b4ba3a5211e3bb0eb4d42.html" id="3113" icon="book"
                doctype="描述类" format="html" />
            <node name="登录名和密码" url="性能FTP北向接口规范\topics\6ce05c0daa814722aca4ac58d84b8da8.html" id="3114" icon="book"
                doctype="描述类" format="html" />
            <node name="文件传输协议" url="性能FTP北向接口规范\topics\34a053441e5d47f8a997b4d17c2944a9.html" id="3115" icon="book"
                doctype="描述类" format="html" />
            <node name="性能文件命名规则" url="性能FTP北向接口规范\topics\a6c8315c235140e4bb4679f9ceca387a.html" id="3116"
                icon="book" doctype="描述类" format="html" />
            <node name="文件格式" url="性能FTP北向接口规范\topics\44eb62061eae4b55bd9d41f37c1829c6.html" id="3117" icon="book"
                doctype="描述类" format="html" />
            <node name="数据粒度和文件生成周期" url="性能FTP北向接口规范\topics\464e1d48c7ef4f929b6594b9dd2fe654.html" id="3118"
                icon="book" doctype="描述类" format="html" />
            <node name="时区" url="性能FTP北向接口规范\topics\6db9e5619679415eb74c634a34d62ccf.html" id="3119" icon="book"
                doctype="描述类" format="html" />
            <node name="上报空间汇总结果" url="性能FTP北向接口规范\topics\cab1d7ef29e740d093912fc6d12ab6a8.html" id="3120"
                icon="book" doctype="描述类" format="html" />
            <node name="上报指标" url="性能FTP北向接口规范\topics\dd7d87ae482c4782a44a4d6effb5c82d.html" id="3121" icon="book"
                doctype="描述类" format="html" />
            <node name="文件压缩" url="性能FTP北向接口规范\topics\a8553906be9a44879ad96a6ba082a31d.html" id="3122" icon="book"
                doctype="描述类" format="html" />
            <node name="配置页面" url="性能FTP北向接口规范\topics\3907a7df5a124b8db533a3293b2d1951.html" id="3123" icon="book"
                doctype="描述类" format="html" />
        </node>
        <node name="参考" url="性能FTP北向接口规范\topics\leandoc_1.html" id="3124" icon="book" doctype="描述类" format="html">
            <node name="文件示例" url="性能FTP北向接口规范\topics\7a0c4af4ccaa4b48aad1ed22aa67ffeb.html" id="3125" icon="book"
                doctype="描述类" format="html" />
            <node name="文件中Object Name拼接规则" url="性能FTP北向接口规范\topics\1634643595199.html" id="3126" icon="book"
                doctype="描述类" format="html" bkmk="zbe8a2ce2924b4646951d68dea67b136d" />
        </node>
    </node>
    <node name="告警SNMP北向接口规范" id="3127" icon="book" doctype="描述类" format="html" url="nodes/告警SNMP北向接口规范.html">
        <node name="范围" url="告警SNMP北向接口规范\topics\4947788302284f5d8950c7b543550e1c.html" id="3128" icon="book"
            doctype="描述类" format="html" />
        <node name="术语和缩略语" url="告警SNMP北向接口规范\topics\b81b6306c0934483b4a398cd64515154.html" id="3129" icon="book"
            doctype="描述类" format="html" />
        <node name="接口概述" url="告警SNMP北向接口规范\topics\2a1864d322ee42fb88632cb84dd68ef0.html" id="3130" icon="book"
            doctype="描述类" format="html">
            <node name="SNMP接口简介" url="告警SNMP北向接口规范\topics\6147725ddd864c6183501d0515dd8b3e.html" id="3131"
                icon="book" doctype="描述类" format="html" />
            <node name="接口位置和接口类型" url="告警SNMP北向接口规范\topics\83302a90ad6c48a4905c3f5a014350f9.html" id="3132"
                icon="book" doctype="描述类" format="html" />
            <node name="支持的SNMP协议" url="告警SNMP北向接口规范\topics\9ef66a112134464c8b16f3ae369ea823.html" id="3133"
                icon="book" doctype="描述类" format="html" />
        </node>
        <node name="SNMP北向公共接口规范" url="告警SNMP北向接口规范\topics\leandoc_0.html" id="3134" icon="book" doctype="描述类"
            format="html">
            <node name="SNMP版本支持" url="告警SNMP北向接口规范\topics\306c8fa274cd4701aa5a29e027f6f733.html" id="3135"
                icon="book" doctype="描述类" format="html" />
            <node name="ZTE MIB根节点定义" url="告警SNMP北向接口规范\topics\5fa72780da0543d6953c658b4b90f559.html" id="3136"
                icon="book" doctype="描述类" format="html" />
        </node>
        <node name="SNMP北向告警接口规范" url="告警SNMP北向接口规范\topics\leandoc_1.html" id="3137" icon="book" doctype="描述类"
            format="html">
            <node name="告警北向SNMP接口的MIB说明" url="告警SNMP北向接口规范\topics\leandoc_2.html" id="3138" icon="book"
                doctype="描述类" format="html">
                <node name="alarmIRP部分" url="告警SNMP北向接口规范\topics\73bfaee486374794957598607fa898bd.html" id="3139"
                    icon="book" doctype="描述类" format="html" />
                <node name="csIRP部分" url="告警SNMP北向接口规范\topics\58cde58c2e6148d3bd9d02a5acb4216f.html" id="3140"
                    icon="book" doctype="描述类" format="html" />
            </node>
            <node name="告警北向SNMP接口的功能" url="告警SNMP北向接口规范\topics\6e8814702f7c4e9c98c5faa4e3a7fcda.html" id="3141"
                icon="book" doctype="描述类" format="html">
                <node name="查看系统通讯监控版本" url="告警SNMP北向接口规范\topics\07a67d93ec034e559404250aedc48df4.html" id="3142"
                    icon="book" doctype="描述类" format="html" />
                <node name="发送心跳Trap" url="告警SNMP北向接口规范\topics\2e86b02c94204a91bf94dc4f0efb42bc.html" id="3143"
                    icon="book" doctype="描述类" format="html" />
                <node name="查看及设置心跳Trap周期" url="告警SNMP北向接口规范\topics\33889db7faf346708ee523cebe4c9a6d.html" id="3144"
                    icon="book" doctype="描述类" format="html" />
                <node name="查看接口的告警定义版本" url="告警SNMP北向接口规范\topics\0526b9dcf4204cdf8ff7db6faa0b59bd.html" id="3145"
                    icon="book" doctype="描述类" format="html" />
                <node name="当前告警表格查询" url="告警SNMP北向接口规范\topics\090b943ea3a74454a25b03bd7c6c4448.html" id="3146"
                    icon="book" doctype="描述类" format="html" />
                <node name="查询当前各级别告警数目" url="告警SNMP北向接口规范\topics\ab13deb4127b4bec84f0e56eb868c7f8.html" id="3147"
                    icon="book" doctype="描述类" format="html" />
                <node name="清除当前告警表格中指定告警" url="告警SNMP北向接口规范\topics\644a2975eb554e34be0c8562a0150c9c.html"
                    searchtitle="TECS_Director_Alarm_SNMP_Northbound_Interface_Specifications" id="3148" icon="book"
                    doctype="描述类" format="html" />
                <node name="设置当前告警表格中指定告警的告警注释" url="告警SNMP北向接口规范\topics\093fdae7b21e4eb79650d0b2450e46c0.html"
                    id="3149" icon="book" doctype="描述类" format="html" />
                <node name="确认/反确认当前告警表格中的指定告警 " url="告警SNMP北向接口规范\topics\52e2ad7df23549bc92f7e060f9f15cdf.html"
                    id="3150" icon="book" doctype="描述类" format="html" />
                <node name="告警级别修改" url="告警SNMP北向接口规范\topics\ee41afe2e4224d578cb187b097f3efb9.html" id="3151"
                    icon="book" doctype="描述类" format="html" />
                <node name="Trap消息中属性的OID说明" url="告警SNMP北向接口规范\topics\60af2f58e9544805852a0e3099c83254.html"
                    id="3152" icon="book" doctype="描述类" format="html" />
                <node name="发送告警上报Trap" url="告警SNMP北向接口规范\topics\ad6932e3ca1843e5b8308682d3439c24.html" id="3153"
                    icon="book" doctype="描述类" format="html" />
                <node name="发送告警恢复Trap" url="告警SNMP北向接口规范\topics\20c3566d7b814222b747b3d0b6219af0.html" id="3154"
                    icon="book" doctype="描述类" format="html" />
                <node name="发送告警确认状态改变Trap" url="告警SNMP北向接口规范\topics\4e7577ef87da4853ac976c595eba852c.html"
                    id="3155" icon="book" doctype="描述类" format="html" />
                <node name="发送告警注释变化Trap" url="告警SNMP北向接口规范\topics\56e0bf2c7e124cf9bde7ef0da949e12c.html" id="3156"
                    icon="book" doctype="描述类" format="html" />
                <node name="发送告警级别改变Trap" url="告警SNMP北向接口规范\topics\f12a710b5a2f46e48e840d806962cade.html" id="3157"
                    icon="book" doctype="描述类" format="html" />
                <node name="发送告警路径改变（关联业务）Trap" url="告警SNMP北向接口规范\topics\d56c7f8bc32a451a8622d16d9e85a445.html"
                    id="3158" icon="book" doctype="描述类" format="html" />
                <node name="发送告警列表重建Trap" url="告警SNMP北向接口规范\topics\aeeb81d6be314fffa06e86f04c63ee10.html" id="3159"
                    icon="book" doctype="描述类" format="html" />
                <node name="基于网元位置的告警同步" url="告警SNMP北向接口规范\topics\525a2d34b8524ee99696efa2f8a2b4fb.html" id="3160"
                    icon="book" doctype="描述类" format="html" />
                <node name="开启/停止告警Trap上报" url="告警SNMP北向接口规范\topics\d5d742f9890e4aef886025a0f3f9827e.html" id="3161"
                    icon="book" doctype="描述类" format="html" />
                <node name="查看及设置告警Trap过滤条件" url="告警SNMP北向接口规范\topics\5d7bc5d8b5ce4ebbb0438ab52b10b788.html"
                    id="3162" icon="book" doctype="描述类" format="html" />
                <node name="发送异常消息通知" url="告警SNMP北向接口规范\topics\e5cd304458ad4f40888f15a9e517cf14.html" id="3163"
                    icon="book" doctype="描述类" format="html" />
                <node name="设置告警表格过滤条件" url="告警SNMP北向接口规范\topics\f86b628f8fc5495384c0333aa0da2c20.html" id="3164"
                    icon="book" doctype="描述类" format="html" />
            </node>
            <node name="告警北向SNMP接口的业务规约" url="告警SNMP北向接口规范\topics\leandoc_3.html" id="3165" icon="book"
                doctype="描述类" format="html">
                <node name="关于字符编码" url="告警SNMP北向接口规范\topics\c5ef07078f874d4d8155451eb7c16520.html" id="3166"
                    icon="book" doctype="描述类" format="html" />
                <node name="关于Set操作返回值说明" url="告警SNMP北向接口规范\topics\0a2be10f2d674e119f2e4c45a5c599b1.html" id="3167"
                    icon="book" doctype="描述类" format="html" />
                <node name="关于SNMP Trap信息的解析" url="告警SNMP北向接口规范\topics\88ebfe5f509945d5a48360cbda3493ff.html"
                    id="3168" icon="book" doctype="描述类" format="html" />
                <node name="关于如何保持TECS 云管系统和NMS告警数据一致"
                    url="告警SNMP北向接口规范\topics\af2a22ac1b6045c1979073004e634705.html" id="3169" icon="book"
                    doctype="描述类" format="html" />
                <node name="通知MIB文件说明" url="告警SNMP北向接口规范\topics\f5794ed630a9413ca66d4bbb87e7b3c3.html" id="3170"
                    icon="book" doctype="描述类" format="html" />
                <node name="通知上报功能说明" url="告警SNMP北向接口规范\topics\c3f7aededaeb4efe897f09d40882a3d6.html" id="3171"
                    icon="book" doctype="描述类" format="html" />
            </node>
        </node>
        <node name="参考" url="告警SNMP北向接口规范\topics\leandoc_4.html" id="3172" icon="book" doctype="描述类" format="html">
            <node name="告警北向SNMP接口的告警级别和TECS 云管系统告警级别取值对照表"
                url="告警SNMP北向接口规范\topics\e7e1f4ae78794db7af8cccd51166dfe5.html" id="3173" icon="book" doctype="描述类"
                format="html" />
            <node name="告警北向SNMP接口的告警类型和TECS 云管系统告警类型的取值对照表"
                url="告警SNMP北向接口规范\topics\3a3993cdc3f64a27a85c2d8638875f6f.html" id="3174" icon="book" doctype="描述类"
                format="html" />
            <node name="告警北向SNMP接口的确认状态取值对照表" url="告警SNMP北向接口规范\topics\0b5ef677d9184a5dbe8f48df57ee92d6.html"
                id="3175" icon="book" doctype="描述类" format="html" />
        </node>
    </node>
    <node name="日志FTP北向接口规范" id="3176" icon="book" doctype="描述类" format="html" url="nodes/日志FTP北向接口规范.html">
        <node name="范围" url="日志FTP北向接口规范\topics\1656397846738.html" id="3177" icon="book" doctype="描述类"
            format="html" />
        <node name="FTP日志北向接口规范" url="日志FTP北向接口规范\topics\leandoc_0.html" id="3178" icon="book" doctype="描述类"
            format="html">
            <node name="日志北向对接方式" url="日志FTP北向接口规范\topics\1656397895340.html" id="3179" icon="book" doctype="描述类"
                format="html" />
            <node name="日志北向配置" url="日志FTP北向接口规范\topics\1656397922179.html" id="3180" icon="book" doctype="描述类"
                format="html" />
            <node name="日志文件传输协议" url="日志FTP北向接口规范\topics\1656397957664.html" id="3181" icon="book" doctype="描述类"
                format="html" />
            <node name="日志文件命名规则" url="日志FTP北向接口规范\topics\1656398293046.html" id="3182" icon="book" doctype="描述类"
                format="html" />
            <node name="文件格式" url="日志FTP北向接口规范\topics\1656398386499.html" id="3183" icon="book" doctype="描述类"
                format="html" />
            <node name="文件上传和生成周期" url="日志FTP北向接口规范\topics\1656398827386.html" id="3184" icon="book" doctype="描述类"
                format="html" />
            <node name="文件压缩" url="日志FTP北向接口规范\topics\1656398854935.html" id="3185" icon="book" doctype="描述类"
                format="html" />
        </node>
    </node>
</nodes>