<?xml version="1.0" ?>
<nodes>
    <node id="1721" name="网元介绍" icon="book" doctype="描述类" format="html" url="nodes/网元介绍.html">
        <node id="1722" name="产品描述" icon="book" doctype="描述类" format="html" url="nodes/产品描述.html">
            <node id="1723" name="产品定位与特点" icon="book" format="html" doctype="描述类" url="产品描述\topics\产品定位与特点.html">
                <node id="1724" name="产品定位" icon="book" format="html" doctype="描述类" url="产品描述\topics\产品定位.html" />
                <node id="1725" name="产品特点" icon="book" format="html" doctype="描述类" url="产品描述\topics\产品特点.html" />
            </node>
            <node id="1726" name="产品结构" icon="book" format="html" doctype="描述类" url="产品描述\topics\系统结构.html" />
            <node id="1727" name="操作维护系统" icon="book" format="html" doctype="描述类" url="产品描述\topics\操作和维护.html" />
            <node id="1728" name="功能" icon="book" format="html" doctype="描述类" url="产品描述\topics\功能.html">
                <node id="1729" name="策略条件功能" icon="book" format="html" doctype="描述类"
                    url="产品描述\topics\1679042235922.html" />
                <node id="1730" name="策略动作功能" icon="book" format="html" doctype="描述类"
                    url="产品描述\topics\1679042366319.html" />
                <node id="1731" name="套餐业务功能" icon="book" format="html" doctype="描述类"
                    url="产品描述\topics\1679042408550.html" />
                <node id="1732" name="高可用功能" icon="book" format="html" doctype="描述类"
                    url="产品描述\topics\1679042427313.html" />
                <node id="1733" name="虚拟化功能" icon="book" format="html" doctype="描述类"
                    url="产品描述\topics\1679042462137.html" />
                <node id="1734" name="操作维护功能" icon="book" format="html" doctype="描述类"
                    url="产品描述\topics\1679042445054.html" />
            </node>
            <node id="1735" name="典型组网" icon="book" format="html" doctype="描述类"
                url="产品描述\topics\1637029458586.html">
                <node id="1736" name="5GC组网" icon="book" format="html" doctype="描述类"
                    url="产品描述\topics\1637894921617.html" />
                <node id="1737" name="VoLTE组网" icon="book" format="html" doctype="描述类"
                    url="产品描述\topics\1637029462008.html" />
                <node id="1738" name="VoNR组网" icon="book" format="html" doctype="描述类"
                    url="产品描述\topics\1637029465582.html" />
            </node>
            <node id="1739" name="接口" icon="book" format="html" doctype="描述类"
                url="产品描述\topics\1567672673250.html" />
            <node id="1740" name="可靠性设计" icon="book" format="html" doctype="描述类" url="产品描述\topics\可靠性设计.html">
                <node id="1741" name="软件可靠性" icon="book" format="html" doctype="描述类"
                    url="产品描述\topics\1567672242897.html" />
                <node id="1742" name="数据安全" icon="book" format="html" doctype="描述类"
                    url="产品描述\topics\1567672247805.html" />
                <node id="1743" name="可靠性指标" icon="book" format="html" doctype="描述类"
                    url="产品描述\topics\1569404314322.html" />
                <node id="1744" name="地理容灾" icon="book" format="html" doctype="描述类"
                    url="产品描述\topics\1569482007157.html">
                    <node id="1745" name="冷备容灾" icon="book" format="html" doctype="描述类"
                        url="产品描述\topics\1595060495716.html" />
                    <node id="1746" name="热备容灾" icon="book" format="html" doctype="描述类"
                        url="产品描述\topics\1595060499317.html" />
                </node>
            </node>
            <node id="1747" name="遵循标准与要求" icon="book" format="html" doctype="描述类" url="产品描述\topics\遵循的标准.html" />
        </node>
        <node id="1748" name="系统原理" icon="book" doctype="描述类" format="html" url="nodes/系统原理.html">
            <node id="1749" name="系统架构" icon="book" format="html" doctype="描述类"
                url="系统原理\topics\1634212784699.html" />
            <node id="1750" name="服务框架" icon="book" format="html" doctype="描述类"
                url="系统原理\topics\1634213135108.html">
                <node id="1751" name="服务组成" icon="book" format="html" doctype="描述类"
                    url="系统原理\topics\1634213143019.html" />
                <node id="1752" name="服务治理机制" icon="book" format="html" doctype="描述类"
                    url="系统原理\topics\1634213305153.html" />
            </node>
            <node id="1753" name="业务原理" icon="book" format="html" doctype="描述类"
                url="系统原理\topics\1634213731381.html">
                <node id="1754" name="SM策略关联建立流程" icon="book" format="html" doctype="描述类"
                    url="系统原理\topics\1637552179063.html" />
                <node id="1755" name="AM策略关联建立流程" icon="book" format="html" doctype="描述类"
                    url="系统原理\topics\1637552182479.html" />
                <node id="1756" name="UE策略关联建立流程" icon="book" format="html" doctype="描述类"
                    url="系统原理\topics\1637552185903.html" />
                <node id="1757" name="VoNR专载建立和位置上报流程" icon="book" format="html" doctype="描述类"
                    url="系统原理\topics\1637552189509.html" />
            </node>
            <node id="1758" name="参考" icon="book" format="html" doctype="描述类" url="系统原理\topics\1636015799157.html">
                <node id="1759" name="SC" icon="book" format="html" doctype="描述类"
                    url="系统原理\topics\1636015918249.html" />
                <node id="1760" name="SCI" icon="book" format="html" doctype="描述类"
                    url="系统原理\topics\1636016100654.html" />
                <node id="1761" name="SCCU" icon="book" format="html" doctype="描述类"
                    url="系统原理\topics\1636016464666.html" />
                <node id="1762" name="SCCU Agent" icon="book" format="html" doctype="描述类"
                    url="系统原理\topics\1636016591451.html" />
                <node id="1763" name="SCR" icon="book" format="html" doctype="描述类"
                    url="系统原理\topics\1636016713739.html" />
                <node id="1764" name="SMC" icon="book" format="html" doctype="描述类"
                    url="系统原理\topics\1636016919720.html" />
                <node id="1765" name="EMC" icon="book" format="html" doctype="描述类"
                    url="系统原理\topics\1636017056559.html" />
                <node id="1766" name="LTM" icon="book" format="html" doctype="描述类"
                    url="系统原理\topics\1636017168631.html" />
                <node id="1767" name="VNM" icon="book" format="html" doctype="描述类"
                    url="系统原理\topics\1636017358216.html" />
                <node id="1768" name="IaaS" icon="book" format="html" doctype="描述类"
                    url="系统原理\topics\1636018194101.html" />
            </node>
        </node>
        <node id="1769" name="安全描述" icon="book" doctype="描述类" format="html" url="nodes/安全描述.html">
            <node id="1770" name="安全问题描述" icon="book" format="html" doctype="描述类"
                url="安全描述\topics\1621394116934.html">
                <node id="1771" name="安全风险" icon="book" format="html" doctype="描述类"
                    url="安全描述\topics\1621394118974.html" />
                <node id="1772" name="RCP系统的安全目标" icon="book" format="html" doctype="描述类"
                    url="安全描述\topics\1621394119324.html" />
                <node id="1773" name="RCP的安全层次" icon="book" format="html" doctype="描述类"
                    url="安全描述\topics\1621394119694.html" />
                <node id="1774" name="安全总体策略" icon="book" format="html" doctype="描述类"
                    url="安全描述\topics\1621394120064.html" />
            </node>
            <node id="1775" name="应用层安全" icon="book" format="html" doctype="描述类"
                url="安全描述\topics\1621394120434.html">
                <node id="1776" name="权限管理" icon="book" format="html" doctype="描述类"
                    url="安全描述\topics\1621394120784.html">
                    <node id="1777" name="帐号安全策略" icon="book" format="html" doctype="描述类"
                        url="安全描述\topics\1621394121144.html" />
                    <node id="1778" name="密码安全策略" icon="book" format="html" doctype="描述类"
                        url="安全描述\topics\1621394121514.html" />
                    <node id="1779" name="内控管理安全策略" icon="book" format="html" doctype="描述类"
                        url="安全描述\topics\1621394121864.html" />
                    <node id="1780" name="分权分域" icon="book" format="html" doctype="描述类"
                        url="安全描述\topics\1621394122645.html" />
                </node>
                <node id="1781" name="接入控制" icon="book" format="html" doctype="描述类"
                    url="安全描述\topics\1621394123015.html">
                    <node id="1782" name="OAM用户登录控制" icon="book" format="html" doctype="描述类"
                        url="安全描述\topics\1621394123385.html" />
                    <node id="1783" name="5G服务访问授权" icon="book" format="html" doctype="描述类"
                        url="安全描述\topics\1621394124495.html" />
                </node>
                <node id="1784" name="数据机密性安全" icon="book" format="html" doctype="描述类"
                    url="安全描述\topics\1621394124865.html">
                    <node id="1785" name="传输安全" icon="book" format="html" doctype="描述类"
                        url="安全描述\topics\1621394125525.html" />
                    <node id="1786" name="敏感数据加密存储" icon="book" format="html" doctype="描述类"
                        url="安全描述\topics\1621394125903.html" />
                </node>
                <node id="1787" name="数据存储安全" icon="book" format="html" doctype="描述类"
                    url="安全描述\topics\1621394126944.html">
                    <node id="1788" name="分布式地理容灾特性" icon="book" format="html" doctype="描述类"
                        url="安全描述\topics\1621394127774.html" />
                    <node id="1789" name="OAM用户的数据备份和恢复" icon="book" format="html" doctype="描述类"
                        url="安全描述\topics\1621394128504.html" />
                </node>
                <node id="1790" name="日志安全" icon="book" format="html" doctype="描述类"
                    url="安全描述\topics\1621394129854.html" />
                <node id="1791" name="应用安全" icon="book" format="html" doctype="描述类"
                    url="安全描述\topics\1621394130594.html" />
                <node id="1792" name="过负荷控制" icon="book" format="html" doctype="描述类"
                    url="安全描述\topics\1621394134464.html" />
            </node>
            <node id="1793" name="虚拟化安全" icon="book" format="html" doctype="描述类"
                url="安全描述\topics\1621394135945.html">
                <node id="1794" name="操作系统安全" icon="book" format="html" doctype="描述类"
                    url="安全描述\topics\1621394136295.html" />
                <node id="1795" name="共享资源安全" icon="book" format="html" doctype="描述类"
                    url="安全描述\topics\1621394136665.html" />
                <node id="1796" name="虚拟机生命周期中的安全" icon="book" format="html" doctype="描述类"
                    url="安全描述\topics\1621394137375.html" />
            </node>
            <node id="1797" name="产品安全保障" icon="book" format="html" doctype="描述类"
                url="安全描述\topics\1621394137746.html" />
            <node id="1798" name="遵循的标准" icon="book" format="html" doctype="描述类"
                url="安全描述\topics\1621394138116.html" />
        </node>
        <node id="1799" name="配置管理描述" icon="book" doctype="描述类" format="html" url="nodes/配置管理描述.html">
            <node id="1800" name="配置管理概述" icon="book" format="html" doctype="描述类" url="配置管理描述\topics\配置管理概述.html">
                <node id="1801" name="配置数据的组成" icon="book" format="html" doctype="描述类"
                    url="配置管理描述\topics\配置数据的组成.html" />
                <node id="1802" name="配置数据的应用场景" icon="book" format="html" doctype="描述类"
                    url="配置管理描述\topics\配置数据的应用场景.html" />
                <node id="1803" name="配置数据的配置方式" icon="book" format="html" doctype="描述类"
                    url="配置管理描述\topics\配置数据的配置方式.html" />
                <node id="1804" name="配置数据库简介" icon="book" format="html" doctype="描述类"
                    url="配置管理描述\topics\配置数据库简介.html" />
            </node>
            <node id="1805" name="配置管理原理" icon="book" format="html" doctype="描述类" url="配置管理描述\topics\配置管理原理.html">
                <node id="1806" name="软件结构" icon="book" format="html" doctype="描述类" url="配置管理描述\topics\软件结构.html" />
                <node id="1807" name="数据存储机制" icon="book" format="html" doctype="描述类"
                    url="配置管理描述\topics\数据存储机制.html" />
                <node id="1808" name="数据加载机制" icon="book" format="html" doctype="描述类"
                    url="配置管理描述\topics\数据加载机制.html" />
                <node id="1809" name="数据同步机制" icon="book" format="html" doctype="描述类"
                    url="配置管理描述\topics\数据同步机制.html" />
            </node>
            <node id="1810" name="配置数据的管理机制" icon="book" format="html" doctype="描述类"
                url="配置管理描述\topics\配置数据的管理机制.html">
                <node id="1811" name="数据传送与回退" icon="book" format="html" doctype="描述类"
                    url="配置管理描述\topics\数据传送与回退.html" />
                <node id="1812" name="数据备份与恢复" icon="book" format="html" doctype="描述类"
                    url="配置管理描述\topics\数据备份与恢复.html" />
            </node>
        </node>
        <node id="1813" name="性能管理描述" icon="book" doctype="描述类" format="html" url="nodes/性能管理描述.html">
            <node id="1814" name="基本概念" icon="book" format="html" doctype="描述类"
                url="性能管理描述\topics\1531193844201.html" />
            <node id="1815" name="实现原理" icon="book" format="html" doctype="描述类"
                url="性能管理描述\topics\1531205830202.html" />
            <node id="1816" name="性能管理功能" icon="book" bkmk="topic1" format="html" doctype="描述类"
                url="性能管理描述\topics\1531211415351.html" />
        </node>
        <node id="1823" name="故障管理描述" icon="book" doctype="描述类" format="html" url="nodes/故障管理描述.html">
            <node id="1824" name="告警管理概述" icon="book" format="html" doctype="描述类" url="故障管理描述\topics\告警管理概述.html" />
            <node id="1825" name="告警管理原理" icon="book" format="html" doctype="描述类" url="故障管理描述\topics\告警管理原理.html" />
            <node id="1826" name="相关概念" icon="book" format="html" doctype="描述类" url="故障管理描述\topics\相关概念.html">
                <node id="1827" name="告警和通知" icon="book" format="html" doctype="描述类"
                    url="故障管理描述\topics\告警和通知（重用1).html" />
                <node id="1828" name="告警属性" icon="book" format="html" doctype="描述类" url="故障管理描述\topics\告警属性.html" />
                <node id="1829" name="告警状态" icon="book" format="html" doctype="描述类"
                    url="故障管理描述\topics\告警状态（重用1).html" />
            </node>
            <node id="1830" name="告警管理功能" icon="book" format="html" doctype="描述类" url="故障管理描述\topics\告警管理功能.html" />
            <node id="1831" name="消除告警的一般流程" icon="book" format="html" doctype="描述类"
                url="故障管理描述\topics\消除告警的一般流程.html" />
        </node>
        <node id="1832" name="系统默认账号" icon="book" doctype="描述类" format="html" url="nodes/系统默认账号.html">
            <node id="1833" name="操作系统默认账号及密码" icon="book" format="html" doctype="描述类"
                url="系统默认账号\topics\1661311717925.html" />
        </node>
        <node id="1834" name="网络通信端口表" icon="book" doctype="描述类" format="html" url="nodes/网络通信端口表.html">
            <node id="1835" name="网络通信端口表" icon="book" format="html" doctype="描述类"
                url="网络通信端口表\topics\1661410121227.html" />
        </node>
        <node id="1836" name="隐私保护声明" icon="book" doctype="描述类" format="html" url="nodes/隐私保护声明.html">
            <node id="1837" name="概述" icon="book" format="html" doctype="描述类" url="隐私保护声明\topics\d0e13.html" />
            <node id="1838" name="产品角色及责任" icon="book" format="html" doctype="描述类" url="隐私保护声明\topics\d0e24.html" />
            <node id="1839" name="数据处理功能" icon="book" format="html" doctype="描述类" url="隐私保护声明\topics\d0e31.html" />
            <node id="1840" name="数据主体权利实现" icon="book" format="html" doctype="描述类"
                url="隐私保护声明\topics\d0e80.html" />
            <node id="1841" name="数据共享、传输、披露" icon="book" format="html" doctype="描述类"
                url="隐私保护声明\topics\d0e99.html" />
            <node id="1842" name="数据保护措施" icon="book" format="html" doctype="描述类" url="隐私保护声明\topics\d0e104.html" />
            <node id="1843" name="个人数据保护特色功能" icon="book" format="html" doctype="描述类"
                url="隐私保护声明\topics\d0e161.html" />
        </node>
        <node id="1844" name="系统可靠性" icon="book" doctype="描述类" format="html" url="nodes/系统可靠性.html">
            <node id="1845" name="可靠性原理" icon="book" format="html" doctype="描述类"
                url="系统可靠性\topics\1634000196636.html" />
            <node id="1846" name="架构可靠性" icon="book" format="html" doctype="描述类" url="系统可靠性\topics\11.html" />
            <node id="1847" name="部署可靠性" icon="book" format="html" doctype="描述类" url="系统可靠性\topics\12.html" />
            <node id="1848" name="资源可靠性" icon="book" format="html" doctype="描述类"
                url="系统可靠性\topics\1651026336192.html" />
            <node id="1849" name="数据可靠性" icon="book" format="html" doctype="描述类" url="系统可靠性\topics\14.html" />
            <node id="1850" name="网络可靠性" icon="book" format="html" doctype="描述类"
                url="系统可靠性\topics\1633966299997.html" />
            <node id="1851" name="业务可靠性" icon="book" format="html" doctype="描述类"
                url="系统可靠性\topics\1633966441701.html">
                <node id="1852" name="防控信令风暴机制" icon="book" format="html" doctype="描述类"
                    url="系统可靠性\topics\1651027103186.html" />
                <node id="1853" name="周边网元故障的容灾方案" icon="book" format="html" doctype="描述类"
                    url="系统可靠性\topics\1651027107726.html" />
            </node>
        </node>
    </node>
</nodes>
