<?xml version="1.0" ?>
<nodes>
    <node id="1854" name="安装与调试" icon="book" doctype="安装类" format="html" url="nodes/安装与调试.html">
        <node id="1855" name="软件安装（AIC部署）-SDN" icon="book" doctype="安装类" format="html"
            url="nodes/软件安装（AIC部署）-SDN.html">
            <node id="1856" name="安装概述" icon="book" format="html" doctype="安装类"
                url="软件安装（AIC部署）-SDN\topics\1592034555636.html">
                <node id="1857" name="虚拟化系统的组网架构" icon="book" format="html" doctype="安装类"
                    url="软件安装（AIC部署）-SDN\topics\2-虚拟化系统的组网架构.html" />
                <node id="1858" name="安装导读" icon="book" format="html" doctype="安装类"
                    url="软件安装（AIC部署）-SDN\topics\1-安装导读（重用1）.html" />
                <node id="1859" name="安装说明" icon="book" format="html" doctype="安装类"
                    url="软件安装（AIC部署）-SDN\topics\1687943266822.html" />
                <node id="1860" name="安装流程" icon="book" format="html" doctype="安装类"
                    url="软件安装（AIC部署）-SDN\topics\2-安装流程.html" />
            </node>
            <node id="1861" name="安装准备" icon="book" format="html" doctype="安装类"
                url="软件安装（AIC部署）-SDN\topics\3-安装准备.html">
                <node id="1862" name="软件准备" icon="book" format="html" doctype="安装类"
                    url="软件安装（AIC部署）-SDN\topics\4-软件准备.html" />
                <node id="1863" name="默认用户名和密码" icon="book" format="html" doctype="安装类"
                    url="软件安装（AIC部署）-SDN\topics\5-获取用户名和密码.html" />
                <node id="1864" name="VIM侧的数据准备" icon="book" format="html" doctype="安装类"
                    url="软件安装（AIC部署）-SDN\topics\6-VIM侧的数据准备.html" />
                <node id="1865" name="MANO侧的数据准备" icon="book" format="html" doctype="安装类"
                    url="软件安装（AIC部署）-SDN\topics\6-MONA侧的数据准备.html" />
                <node id="1866" name="查询VNFM用户的权限" icon="book" format="html" doctype="安装类"
                    url="软件安装（AIC部署）-SDN\topics\7-查询VNFM用户的权限.html" />
            </node>
            <node id="1867" name="数据规划" icon="book" format="html" doctype="安装类"
                url="软件安装（AIC部署）-SDN\topics\1635299367208.html">
                <node id="1868" name="基础数据规划" icon="book" format="html" doctype="安装类"
                    url="软件安装（AIC部署）-SDN\topics\4-网络数据规划(SMF).html" />
                <node id="1869" name="SDN组网规划" icon="book" format="html" doctype="安装类"
                    url="软件安装（AIC部署）-SDN\topics\4-SDN组网规划(AMF).html" />
            </node>
            <node id="1870" name="LLD制作" icon="book" format="html" doctype="安装类"
                url="软件安装（AIC部署）-SDN\topics\1586934407764.html">
                <node id="1871" name="注意事项" icon="book" format="html" doctype="安装类"
                    url="软件安装（AIC部署）-SDN\topics\LLD填写原则.html" />
                <node id="1872" name="创建工程" icon="book" format="html" doctype="安装类"
                    url="软件安装（AIC部署）-SDN\topics\16-创建工程.html" />
                <node id="1873" name="配置LLD" icon="book" format="html" doctype="安装类"
                    url="软件安装（AIC部署）-SDN\topics\40-LLD配置.html">
                    <node id="1874" name="Global Setting" icon="book" format="html" doctype="安装类"
                        url="软件安装（AIC部署）-SDN\topics\41-Global Setting.html" />
                    <node id="1875" name="VIM Controller Info" icon="book" format="html" doctype="安装类"
                        url="软件安装（AIC部署）-SDN\topics\42-VIM Controller Info.html" />
                    <node id="1876" name="Host Aggregate" icon="book" format="html" doctype="安装类"
                        url="软件安装（AIC部署）-SDN\topics\43-Host Aggregate.html" />
                    <node id="1877" name="MANO Info" icon="book" format="html" doctype="安装类"
                        url="软件安装（AIC部署）-SDN\topics\44-MANO Info.html" />
                    <node id="1878" name="VNF ID" icon="book" format="html" doctype="安装类"
                        url="软件安装（AIC部署）-SDN\topics\45-VNF ID.html" />
                    <node id="1879" name="VNF Resource Prefix" icon="book" format="html" doctype="安装类"
                        url="软件安装（AIC部署）-SDN\topics\1598518833830.html" />
                    <node id="1880" name="VNF Version" icon="book" format="html" doctype="安装类"
                        url="软件安装（AIC部署）-SDN\topics\46-VNF Version.html" />
                    <node id="1881" name="VNF Scenario" icon="book" format="html" doctype="安装类"
                        url="软件安装（AIC部署）-SDN\topics\47-VNF Scenario.html" />
                    <node id="1882" name="Tenant &amp; User" icon="book" format="html" doctype="安装类"
                        url="软件安装（AIC部署）-SDN\topics\48-Tenant and Users.html" />
                    <node id="1883" name="NTP Server" icon="book" format="html" doctype="安装类"
                        url="软件安装（AIC部署）-SDN\topics\49-NTP Server.html" />
                    <node id="1884" name="Volume Types" icon="book" format="html" doctype="安装类"
                        url="软件安装（AIC部署）-SDN\topics\50-Volume Types.html" />
                    <node id="1885" name="Storage QoS" icon="book" format="html" doctype="安装类"
                        url="软件安装（AIC部署）-SDN\topics\51-Storage Qos.html" />
                    <node id="1886" name="VM Parameters" icon="book" format="html" doctype="安装类"
                        url="软件安装（AIC部署）-SDN\topics\52-VM Parameters.html" />
                    <node id="1887" name="VRF Summary" icon="book" format="html" doctype="安装类"
                        url="软件安装（AIC部署）-SDN\topics\54-VRF Summary.html" />
                    <node id="1888" name="VNF Network Qos" icon="book" format="html" doctype="安装类"
                        url="软件安装（AIC部署）-SDN\topics\55-VNF Network Qos.html" />
                    <node id="1889" name="VRouter Summary" icon="book" format="html" doctype="安装类"
                        url="软件安装（AIC部署）-SDN\topics\VRouterSummary.html" />
                    <node id="1890" name="VRouter External Network" icon="book" format="html" doctype="安装类"
                        url="软件安装（AIC部署）-SDN\topics\VRouterExternalNetwork.html" />
                    <node id="1891" name="VNF SDN Network Setting" icon="book" format="html" doctype="安装类"
                        url="软件安装（AIC部署）-SDN\topics\VNFSDNNetworkSetting.html" />
                    <node id="1892" name="VNF Vlan Trunk IP" icon="book" format="html" doctype="安装类"
                        url="软件安装（AIC部署）-SDN\topics\55-VNF VlanTrunk Ip.html" />
                    <node id="1893" name="VNF O&amp;M IPv6" icon="book" format="html" doctype="安装类"
                        url="软件安装（AIC部署）-SDN\topics\57-VNF O and M IPv6.html" />
                    <node id="1894" name="VNF Advanced Settings" icon="book" format="html" doctype="安装类"
                        url="软件安装（AIC部署）-SDN\topics\58-VNF Advanced Settings.html" />
                    <node id="1895" name="VNF Resourse Naming Rules" icon="book" format="html" doctype="安装类"
                        url="软件安装（AIC部署）-SDN\topics\1664159856327.html" />
                    <node id="1896" name="Capabilities Flows" icon="book" format="html" doctype="安装类"
                        url="软件安装（AIC部署）-SDN\topics\1627282139463.html" />
                    <node id="1897" name="Version File" icon="book" format="html" doctype="安装类"
                        url="软件安装（AIC部署）-SDN\topics\59-Version File.html" />
                    <node id="1898" name="Image Setting" icon="book" format="html" doctype="安装类"
                        url="软件安装（AIC部署）-SDN\topics\1627282144574.html" />
                    <node id="1899" name="VNF SFTP Server" icon="book" format="html" doctype="安装类"
                        url="软件安装（AIC部署）-SDN\topics\VNFSFTPServer.html" />
                    <node id="1900" name="NS Info" icon="book" format="html" doctype="安装类"
                        url="软件安装（AIC部署）-SDN\topics\1627282149962.html" />
                    <node id="1901" name="VNF Static Route" icon="book" format="html" doctype="安装类"
                        url="软件安装（AIC部署）-SDN\topics\1598580818286.html" />
                    <node id="1902" name="TAP Service和TAP Flow（可选）" icon="book" format="html" doctype="安装类"
                        url="软件安装（AIC部署）-SDN\topics\63-TAP Service and TAP Flow .html" />
                    <node id="1903" name="VPC（可选）" icon="book" format="html" doctype="安装类"
                        url="软件安装（AIC部署）-SDN\topics\1598580821786.html" />
                </node>
                <node id="1904" name="导出LLD" icon="book" format="html" doctype="安装类"
                    url="软件安装（AIC部署）-SDN\topics\17-导出LLD表格.html" />
            </node>
            <node id="1905" name="VNF部署" icon="book" format="html" doctype="安装类"
                url="软件安装（AIC部署）-SDN\topics\15-VNF的部署.html">
                <node id="1906" name="前置条件" icon="book" format="html" doctype="安装类"
                    url="软件安装（AIC部署）-SDN\topics\1572242868019.html" />
                <node id="1907" name="部署VNF" icon="book" format="html" doctype="安装类"
                    url="软件安装（AIC部署）-SDN\topics\18-部署VNF.html" />
            </node>
            <node id="1908" name="去激活服务（可选）" icon="book" format="html" doctype="安装类"
                url="软件安装（AIC部署）-SDN\topics\1629945077498（重用1）.html" />
            <node id="1909" name="激活预埋服务（可选）" icon="book" format="html" doctype="安装类"
                url="软件安装（AIC部署）-SDN\topics\1629777833250（重用1）.html" />
            <node id="1910" name="配置虚机弹扩" icon="book" format="html" doctype="安装类"
                url="软件安装（AIC部署）-SDN\topics\1614649750788（重用1）.html" />
            <node id="1911" name="安装后检查" icon="book" format="html" doctype="安装类"
                url="软件安装（AIC部署）-SDN\topics\1627953651372.html">
                <node id="1912" name="检查虚机" icon="book" format="html" doctype="安装类"
                    url="软件安装（AIC部署）-SDN\topics\1627353353047.html" />
                <node id="1913" name="检查SC状态" icon="book" format="html" doctype="安装类"
                    url="软件安装（AIC部署）-SDN\topics\1627353359829.html" />
                <node id="1914" name="检查网元名称" icon="book" format="html" doctype="安装类"
                    url="软件安装（AIC部署）-SDN\topics\1627353365238.html" />
            </node>
            <node id="1915" name="参考" icon="book" format="html" doctype="安装类"
                url="软件安装（AIC部署）-SDN\topics\1669866290765.html">
                <node id="1916" name="在VNFM上创建用户" icon="book" format="html" doctype="安装类"
                    url="软件安装（AIC部署）-SDN\topics\配置HTTPS认证.html" />
                <node id="1917" name="修改镜像文件名称" icon="book" format="html" doctype="安装类"
                    url="软件安装（AIC部署）-SDN\topics\1617263238974.html" />
                <node id="1918" name="iDeploy相关操作" icon="book" format="html" doctype="安装类"
                    url="软件安装（AIC部署）-SDN\topics\1586925123896.html">
                    <node id="1919" name="删除自动部署的网元" icon="book" format="html" doctype="安装类"
                        url="软件安装（AIC部署）-SDN\topics\1575860828799（重用1）.html" />
                    <node id="1920" name="日志使用" icon="book" bkmk="zadb36ecb3043445f98230a485122eab9" format="html"
                        doctype="安装类" url="软件安装（AIC部署）-SDN\topics\1575860833416.html" />
                    <node id="1925" name="报告查看" icon="book" bkmk="z82692c172c4c4a44b9f172a90cdefbc6" format="html"
                        doctype="安装类" url="软件安装（AIC部署）-SDN\topics\1575860837675.html" />
                    <node id="1928" name="设置iDeploy工具语言" icon="book" format="html" doctype="安装类"
                        url="软件安装（AIC部署）-SDN\topics\1575860842397.html" />
                    <node id="1929" name="检查LLD" icon="book" format="html" doctype="安装类"
                        url="软件安装（AIC部署）-SDN\topics\1575860847009.html" />
                </node>
            </node>
        </node>
        <node id="1930" name="软件安装（AIC部署）-非SDN" icon="book" doctype="安装类" format="html"
            url="nodes/软件安装（AIC部署）-非SDN.html">
            <node id="1931" name="安装概述" icon="book" format="html" doctype="安装类"
                url="软件安装（AIC部署）-非SDN\topics\1592034555636.html">
                <node id="1932" name="虚拟化系统的组网架构" icon="book" format="html" doctype="安装类"
                    url="软件安装（AIC部署）-非SDN\topics\2-虚拟化系统的组网架构.html" />
                <node id="1933" name="安装导读" icon="book" format="html" doctype="安装类"
                    url="软件安装（AIC部署）-非SDN\topics\1-安装导读（重用1）.html" />
                <node id="1934" name="安装流程" icon="book" format="html" doctype="安装类"
                    url="软件安装（AIC部署）-非SDN\topics\2-安装流程.html" />
            </node>
            <node id="1935" name="安装准备" icon="book" format="html" doctype="安装类"
                url="软件安装（AIC部署）-非SDN\topics\3-安装准备.html">
                <node id="1936" name="软件准备" icon="book" format="html" doctype="安装类"
                    url="软件安装（AIC部署）-非SDN\topics\4-软件准备.html" />
                <node id="1937" name="默认用户名和密码" icon="book" format="html" doctype="安装类"
                    url="软件安装（AIC部署）-非SDN\topics\5-获取用户名和密码.html" />
                <node id="1938" name="VIM侧的数据准备" icon="book" format="html" doctype="安装类"
                    url="软件安装（AIC部署）-非SDN\topics\6-VIM侧的数据准备.html" />
                <node id="1939" name="MANO侧的数据准备" icon="book" format="html" doctype="安装类"
                    url="软件安装（AIC部署）-非SDN\topics\6-MONA侧的数据准备.html" />
                <node id="1940" name="查询VNFM用户的权限" icon="book" format="html" doctype="安装类"
                    url="软件安装（AIC部署）-非SDN\topics\7-查询VNFM用户的权限.html" />
                <node id="1941" name="修改镜像文件名称" icon="book" format="html" doctype="安装类"
                    url="软件安装（AIC部署）-非SDN\topics\1617263238974.html" />
            </node>
            <node id="1942" name="数据规划" icon="book" format="html" doctype="安装类"
                url="软件安装（AIC部署）-非SDN\topics\1635299367208.html">
                <node id="1943" name="基础数据规划" icon="book" format="html" doctype="安装类"
                    url="软件安装（AIC部署）-非SDN\topics\4-网络数据规划(SMF).html" />
                <node id="1944" name="非SDN组网规划" icon="book" format="html" doctype="安装类"
                    url="软件安装（AIC部署）-非SDN\topics\4-非SDN组网规划(AMF).html" />
            </node>
            <node id="1945" name="LLD制作" icon="book" format="html" doctype="安装类"
                url="软件安装（AIC部署）-非SDN\topics\1586934407764.html">
                <node id="1946" name="注意事项" icon="book" format="html" doctype="安装类"
                    url="软件安装（AIC部署）-非SDN\topics\LLD填写原则.html" />
                <node id="1947" name="创建工程" icon="book" format="html" doctype="安装类"
                    url="软件安装（AIC部署）-非SDN\topics\16-创建工程.html" />
                <node id="1948" name="配置LLD" icon="book" format="html" doctype="安装类"
                    url="软件安装（AIC部署）-非SDN\topics\40-LLD配置.html">
                    <node id="1949" name="Global Setting" icon="book" format="html" doctype="安装类"
                        url="软件安装（AIC部署）-非SDN\topics\41-Global Setting.html" />
                    <node id="1950" name="VIM Controller Info" icon="book" format="html" doctype="安装类"
                        url="软件安装（AIC部署）-非SDN\topics\42-VIM Controller Info.html" />
                    <node id="1951" name="Host Aggregate" icon="book" format="html" doctype="安装类"
                        url="软件安装（AIC部署）-非SDN\topics\43-Host Aggregate.html" />
                    <node id="1952" name="MANO Info" icon="book" format="html" doctype="安装类"
                        url="软件安装（AIC部署）-非SDN\topics\44-MANO Info.html" />
                    <node id="1953" name="VNF ID" icon="book" format="html" doctype="安装类"
                        url="软件安装（AIC部署）-非SDN\topics\45-VNF ID.html" />
                    <node id="1954" name="VNF Resource Prefix" icon="book" format="html" doctype="安装类"
                        url="软件安装（AIC部署）-非SDN\topics\1598518833830.html" />
                    <node id="1955" name="VNF Version" icon="book" format="html" doctype="安装类"
                        url="软件安装（AIC部署）-非SDN\topics\46-VNF Version.html" />
                    <node id="1956" name="VNF Scenario" icon="book" format="html" doctype="安装类"
                        url="软件安装（AIC部署）-非SDN\topics\47-VNF Scenario.html" />
                    <node id="1957" name="Tenant &amp; User" icon="book" format="html" doctype="安装类"
                        url="软件安装（AIC部署）-非SDN\topics\48-Tenant and Users.html" />
                    <node id="1958" name="NTP Server" icon="book" format="html" doctype="安装类"
                        url="软件安装（AIC部署）-非SDN\topics\49-NTP Server.html" />
                    <node id="1959" name="Volume Types" icon="book" format="html" doctype="安装类"
                        url="软件安装（AIC部署）-非SDN\topics\50-Volume Types.html" />
                    <node id="1960" name="Storage QoS" icon="book" format="html" doctype="安装类"
                        url="软件安装（AIC部署）-非SDN\topics\51-Storage Qos.html" />
                    <node id="1961" name="VM Parameters" icon="book" format="html" doctype="安装类"
                        url="软件安装（AIC部署）-非SDN\topics\52-VM Parameters.html" />
                    <node id="1962" name="VRF Summary" icon="book" format="html" doctype="安装类"
                        url="软件安装（AIC部署）-非SDN\topics\54-VRF Summary.html" />
                    <node id="1963" name="VNF Network Qos" icon="book" format="html" doctype="安装类"
                        url="软件安装（AIC部署）-非SDN\topics\55-VNF Network Qos.html" />
                    <node id="1964" name="VNF Network Setting IPv6" icon="book" format="html" doctype="安装类"
                        url="软件安装（AIC部署）-非SDN\topics\56-VNF Network Setting IPv6.html" />
                    <node id="1965" name="VNF Vlan Trunk IP" icon="book" format="html" doctype="安装类"
                        url="软件安装（AIC部署）-非SDN\topics\55-VNF VlanTrunk Ip.html" />
                    <node id="1966" name="VNF O&amp;M IPv6" icon="book" format="html" doctype="安装类"
                        url="软件安装（AIC部署）-非SDN\topics\57-VNF O and M IPv6.html" />
                    <node id="1967" name="VNF Advanced Settings" icon="book" format="html" doctype="安装类"
                        url="软件安装（AIC部署）-非SDN\topics\58-VNF Advanced Settings.html" />
                    <node id="1968" name="Capabilities Flows" icon="book" format="html" doctype="安装类"
                        url="软件安装（AIC部署）-非SDN\topics\1627282139463.html" />
                    <node id="1969" name="Version File" icon="book" format="html" doctype="安装类"
                        url="软件安装（AIC部署）-非SDN\topics\59-Version File.html" />
                    <node id="1970" name="Image Setting" icon="book" format="html" doctype="安装类"
                        url="软件安装（AIC部署）-非SDN\topics\1627282144574.html" />
                    <node id="1971" name="VNF SFTP Server" icon="book" format="html" doctype="安装类"
                        url="软件安装（AIC部署）-非SDN\topics\VNFSFTPServer.html" />
                    <node id="1972" name="TAP Service和TAP Flow（可选）" icon="book" format="html" doctype="安装类"
                        url="软件安装（AIC部署）-非SDN\topics\63-TAP Service and TAP Flow .html" />
                </node>
                <node id="1973" name="导出LLD" icon="book" format="html" doctype="安装类"
                    url="软件安装（AIC部署）-非SDN\topics\17-导出LLD表格.html" />
            </node>
            <node id="1974" name="VNF部署" icon="book" format="html" doctype="安装类"
                url="软件安装（AIC部署）-非SDN\topics\15-VNF的部署.html">
                <node id="1975" name="前置条件" icon="book" format="html" doctype="安装类"
                    url="软件安装（AIC部署）-非SDN\topics\1572242868019.html" />
                <node id="1976" name="部署VNF" icon="book" format="html" doctype="安装类"
                    url="软件安装（AIC部署）-非SDN\topics\18-部署VNF.html" />
            </node>
            <node id="1977" name="激活预埋服务（可选）" icon="book" format="html" doctype="安装类"
                url="软件安装（AIC部署）-非SDN\topics\1629777833250（重用1）.html" />
            <node id="1978" name="去激活服务（可选）" icon="book" format="html" doctype="安装类"
                url="软件安装（AIC部署）-非SDN\topics\1629945077498（重用1）.html" />
            <node id="1979" name="配置虚机弹扩" icon="book" format="html" doctype="安装类"
                url="软件安装（AIC部署）-非SDN\topics\1614649750788（重用1）.html" />
            <node id="1980" name="安装后检查" icon="book" format="html" doctype="安装类"
                url="软件安装（AIC部署）-非SDN\topics\1627953651372.html">
                <node id="1981" name="检查虚机" icon="book" format="html" doctype="安装类"
                    url="软件安装（AIC部署）-非SDN\topics\1627353353047.html" />
                <node id="1982" name="检查SC状态" icon="book" format="html" doctype="安装类"
                    url="软件安装（AIC部署）-非SDN\topics\1627353359829.html" />
                <node id="1983" name="检查网元名称" icon="book" format="html" doctype="安装类"
                    url="软件安装（AIC部署）-非SDN\topics\1627353365238.html" />
            </node>
            <node id="1984" name="在VNFM上创建用户" icon="book" format="html" doctype="安装类"
                url="软件安装（AIC部署）-非SDN\topics\配置HTTPS认证.html" />
            <node id="1985" name="iDeploy相关操作" icon="book" format="html" doctype="安装类"
                url="软件安装（AIC部署）-非SDN\topics\1586925123896.html">
                <node id="1986" name="删除自动部署的网元" icon="book" format="html" doctype="安装类"
                    url="软件安装（AIC部署）-非SDN\topics\1575860828799（重用1）.html" />
                <node id="1987" name="日志使用" icon="book" bkmk="zadb36ecb3043445f98230a485122eab9" format="html"
                    doctype="安装类" url="软件安装（AIC部署）-非SDN\topics\1575860833416.html" />
                <node id="1992" name="报告查看" icon="book" bkmk="z82692c172c4c4a44b9f172a90cdefbc6" format="html"
                    doctype="安装类" url="软件安装（AIC部署）-非SDN\topics\1575860837675.html" />
                <node id="1995" name="设置iDeploy工具语言" icon="book" format="html" doctype="安装类"
                    url="软件安装（AIC部署）-非SDN\topics\1575860842397.html" />
                <node id="1996" name="检查LLD" icon="book" format="html" doctype="安装类"
                    url="软件安装（AIC部署）-非SDN\topics\1575860847009.html" />
            </node>
        </node>
        <node id="1997" name="软件安装（手工部署）" icon="book" doctype="安装类" format="html" url="nodes/软件安装（手工部署）.html">
            <node id="1998" name="安装概述" icon="book" format="html" doctype="安装类"
                url="软件安装（手工部署）\topics\1592019352701.html">
                <node id="1999" name="虚拟化系统的组网架构" icon="book" format="html" doctype="安装类"
                    url="软件安装（手工部署）\topics\虚拟化系统的组网架构.html" />
                <node id="2000" name="安装导读" icon="book" format="html" doctype="安装类"
                    url="软件安装（手工部署）\topics\1-安装导读.html" />
                <node id="2001" name="安装说明" icon="book" format="html" doctype="安装类"
                    url="软件安装（手工部署）\topics\1687943266822.html" />
                <node id="2002" name="安装流程" icon="book" format="html" doctype="安装类"
                    url="软件安装（手工部署）\topics\1687943303063.html" />
            </node>
            <node id="2003" name="安装准备" icon="book" format="html" doctype="安装类" url="软件安装（手工部署）\topics\3-安装准备.html">
                <node id="2004" name="软件准备" icon="book" format="html" doctype="安装类"
                    url="软件安装（手工部署）\topics\4-软件准备.html" />
                <node id="2005" name="默认用户名和密码" icon="book" format="html" doctype="安装类"
                    url="软件安装（手工部署）\topics\5-获取用户名和密码.html" />
            </node>
            <node id="2006" name="网络数据规划" icon="book" format="html" doctype="安装类"
                url="软件安装（手工部署）\topics\1629802857880.html">
                <node id="2007" name="基础数据规划" icon="book" format="html" doctype="安装类"
                    url="软件安装（手工部署）\topics\4-网络数据规划(SMF).html" />
                <node id="2008" name="组网数据规划" icon="book" format="html" doctype="安装类"
                    url="软件安装（手工部署）\topics\1629806295136.html">
                    <node id="2009" name="SDN组网数据规划" icon="book" format="html" doctype="安装类"
                        url="软件安装（手工部署）\topics\1629803113077.html" />
                    <node id="2010" name="非SDN组网数据规划" icon="book" format="html" doctype="安装类"
                        url="软件安装（手工部署）\topics\1629802877285.html" />
                </node>
            </node>
            <node id="2011" name="创建虚拟资源" icon="book" format="html" doctype="安装类"
                url="软件安装（手工部署）\topics\6-虚拟资源的创建.html">
                <node id="2012" name="登录TECS OpenStack" icon="book" format="html" doctype="安装类"
                    url="软件安装（手工部署）\topics\7-登录TECS OpenStack.html" />
                <node id="2013" name="创建用户" icon="book" format="html" doctype="安装类"
                    url="软件安装（手工部署）\topics\8-创建用户.html" />
                <node id="2014" name="创建项目" icon="book" format="html" doctype="安装类"
                    url="软件安装（手工部署）\topics\8-创建项目.html" />
                <node id="2015" name="添加网络QoS" icon="book" format="html" doctype="安装类"
                    url="软件安装（手工部署）\topics\添加网络QOS.html" />
                <node id="2016" name="创建网络平面" icon="book" format="html" doctype="安装类"
                    url="软件安装（手工部署）\topics\9-创建网络平面.html" />
            </node>
            <node id="2017" name="部署VNF" icon="book" format="html" doctype="安装类"
                url="软件安装（手工部署）\topics\11-VNF部署（TOSCA方式）.html">
                <node id="2018" name="登录NFVO客户端" icon="book" format="html" doctype="安装类"
                    url="软件安装（手工部署）\topics\12-登录NFVO客户端.html" />
                <node id="2019" name="上传版本包" icon="book" format="html" doctype="安装类"
                    url="软件安装（手工部署）\topics\13-准备版本包(SMF).html" />
                <node id="2020" name="快速创建VNF部署包" icon="book" format="html" doctype="安装类"
                    url="软件安装（手工部署）\topics\15-快速创建VNF版本包(SMF).html" />
                <node id="2021" name="注册VNF部署包" icon="book" format="html" doctype="安装类"
                    url="软件安装（手工部署）\topics\16-注册VNF版本包(SMF).html" />
                <node id="2022" name="实例化VNF" icon="book" format="html" doctype="安装类"
                    url="软件安装（手工部署）\topics\17-实例化VNF(SMF).html" />
            </node>
            <node id="2023" name="去激活服务（可选）" icon="book" format="html" doctype="安装类"
                url="软件安装（手工部署）\topics\1629945077498（重用1）（重用2）.html" />
            <node id="2024" name="激活预埋服务（可选）" icon="book" format="html" doctype="安装类"
                url="软件安装（手工部署）\topics\1629777833250（重用1）（重用2）.html" />
            <node id="2025" name="配置虚机弹扩" icon="book" format="html" doctype="安装类"
                url="软件安装（手工部署）\topics\1614649750788（重用1）.html" />
            <node id="2026" name="安装后检查" icon="book" format="html" doctype="安装类"
                url="软件安装（手工部署）\topics\1627953651372.html">
                <node id="2027" name="检查虚机" icon="book" format="html" doctype="安装类"
                    url="软件安装（手工部署）\topics\1627353353047.html" />
                <node id="2028" name="检查SC状态" icon="book" format="html" doctype="安装类"
                    url="软件安装（手工部署）\topics\1627353359829.html" />
                <node id="2029" name="检查网元名称" icon="book" format="html" doctype="安装类"
                    url="软件安装（手工部署）\topics\1627353365238.html" />
            </node>
            <node id="2030" name="参考" icon="book" format="html" doctype="安装类"
                url="软件安装（手工部署）\topics\1680224244627.html">
                <node id="2031" name="Info文件参数说明" icon="book" format="html" doctype="安装类"
                    url="软件安装（手工部署）\topics\18-参考.html">
                    <node id="2032" name="通用配置" icon="book" format="html" doctype="安装类"
                        url="软件安装（手工部署）\topics\1561358524413.html" />
                    <node id="2033" name="网元配置" icon="book" format="html" doctype="安装类"
                        url="软件安装（手工部署）\topics\1561358524741.html" />
                    <node id="2034" name="OMU虚机配置" icon="book" format="html" doctype="安装类"
                        url="软件安装（手工部署）\topics\1561358525349.html" />
                    <node id="2035" name="CDU虚机配置" icon="book" format="html" doctype="安装类"
                        url="软件安装（手工部署）\topics\1561358525817.html" />
                    <node id="2036" name="GSU虚机配置" icon="book" format="html" doctype="安装类"
                        url="软件安装（手工部署）\topics\1561358526722.html" />
                    <node id="2037" name="IPU虚机配置" icon="book" format="html" doctype="安装类"
                        url="软件安装（手工部署）\topics\1561358527143.html" />
                    <node id="2038" name="LOG虚机配置" icon="book" format="html" doctype="安装类"
                        url="软件安装（手工部署）\topics\GDBLBU虚机.html" />
                    <node id="2039" name="LSU虚机配置" icon="book" format="html" doctype="安装类"
                        url="软件安装（手工部署）\topics\1586400368629.html" />
                    <node id="2040" name="AMU虚机配置" icon="book" format="html" doctype="安装类"
                        url="软件安装（手工部署）\topics\1561358527580.html" />
                </node>
                <node id="2041" name="在VNFM上创建用户" icon="book" format="html" doctype="安装类"
                    url="软件安装（手工部署）\topics\配置HTTPS认证.html" />
                <node id="2042" name="VLAN Trunk功能配置示例" icon="book" format="html" doctype="安装类"
                    url="软件安装（手工部署）\topics\31-VLAN Trunk功能配置示例(AMF).html" />
                <node id="2043" name="NFVO打开版本包本地上传选项" icon="book" format="html" doctype="安装类"
                    url="软件安装（手工部署）\topics\d0e8520.html" />
            </node>
        </node>
        <node id="2044" name="初始配置（AIC部署）" icon="book" doctype="安装类" format="html" url="nodes/初始配置（AIC部署）.html">
            <node id="2045" name="iConfig简介" icon="book" format="html" doctype="安装类"
                url="初始配置（AIC部署）\topics\1-iConfig简介.html" />
            <node id="2046" name="配置简介" icon="book" format="html" doctype="安装类"
                url="初始配置（AIC部署）\topics\2-配置简介.html" />
            <node id="2047" name="配置准备" icon="book" format="html" doctype="安装类"
                url="初始配置（AIC部署）\topics\3-配置准备.html">
                <node id="2048" name="NF接入EM" icon="book" format="html" doctype="安装类"
                    url="初始配置（AIC部署）\topics\3-NF接入EM.html" />
                <node id="2049" name="License管理" icon="book" format="html" doctype="安装类"
                    url="初始配置（AIC部署）\topics\4-License管理.html">
                    <node id="2050" name="申请License" icon="book" format="html" doctype="安装类"
                        url="初始配置（AIC部署）\topics\6-申请License.html" />
                    <node id="2051" name="安装License" icon="book" format="html" doctype="安装类"
                        url="初始配置（AIC部署）\topics\7-安装License.html" />
                </node>
            </node>
            <node id="2052" name="LLD制作" icon="book" format="html" doctype="安装类"
                url="初始配置（AIC部署）\topics\5-LLD制作.html">
                <node id="2053" name="iConfig使用注意事项" icon="book" format="html" doctype="安装类"
                    url="初始配置（AIC部署）\topics\6-iConfig使用注意事项.html" />
                <node id="2054" name="工作表配置流程" icon="book" format="html" doctype="安装类"
                    url="初始配置（AIC部署）\topics\7-工作表配置设计流程.html" />
                <node id="2055" name="查看LLD模板使用说明" icon="book" format="html" doctype="安装类"
                    url="初始配置（AIC部署）\topics\8-查看LLD模板使用说明.html" />
                <node id="2056" name="配置LLD" icon="book" format="html" doctype="安装类"
                    url="初始配置（AIC部署）\topics\9-配置LLD.html">
                    <node id="2057" name="Global Setting" icon="book" format="html" doctype="安装类"
                        url="初始配置（AIC部署）\topics\10-Global Setting.html" />
                    <node id="2058" name="VNF ID" icon="book" format="html" doctype="安装类"
                        url="初始配置（AIC部署）\topics\166434705270859j7WS.html" />
                    <node id="2059" name="Basic_Info" icon="book" format="html" doctype="安装类"
                        url="初始配置（AIC部署）\topics\11-Basic_Info.html" />
                    <node id="2060" name="Dangerous_Command_config" icon="book" format="html" doctype="安装类"
                        url="初始配置（AIC部署）\topics\1664348661645avSI9Y.html" />
                    <node id="2061" name="Rosng" icon="book" format="html" doctype="安装类"
                        url="初始配置（AIC部署）\topics\12-Rosng.html" />
                    <node id="2062" name="NF Service IP" icon="book" format="html" doctype="安装类"
                        url="初始配置（AIC部署）\topics\13-NF Service IP.html" />
                    <node id="2063" name="NRF_Info" icon="book" format="html" doctype="安装类"
                        url="初始配置（AIC部署）\topics\14-NRF_Info.html" />
                    <node id="2064" name="SMF_Info" icon="book" format="html" doctype="安装类"
                        url="初始配置（AIC部署）\topics\15-SMF_Info.html" />
                    <node id="2065" name="DRA_Info" icon="book" format="html" doctype="安装类"
                        url="初始配置（AIC部署）\topics\16-DRA_Info.html" />
                    <node id="2066" name="BSF_Info" icon="book" format="html" doctype="安装类"
                        url="初始配置（AIC部署）\topics\17-BSF_Info.html">
                        <node id="2067" name="BSF动态接入" icon="book" format="html" doctype="安装类"
                            url="初始配置（AIC部署）\topics\18-BSF动态接入.html" />
                        <node id="2068" name="BSF静态接入" icon="book" format="html" doctype="安装类"
                            url="初始配置（AIC部署）\topics\19-BSF静态接入.html" />
                    </node>
                    <node id="2069" name="PUDR_Info" icon="book" format="html" doctype="安装类"
                        url="初始配置（AIC部署）\topics\20-PUDR_Info.html" />
                    <node id="2070" name="OCS_Info" icon="book" format="html" doctype="安装类"
                        url="初始配置（AIC部署）\topics\1687137287255.html" />
                    <node id="2071" name="CHF_Info" icon="book" format="html" doctype="安装类"
                        url="初始配置（AIC部署）\topics\21-CHF_Info.html" />
                    <node id="2072" name="EMS+_Info" icon="book" format="html" doctype="安装类"
                        url="初始配置（AIC部署）\topics\1687137292553.html" />
                    <node id="2073" name="SMS" icon="book" format="html" doctype="安装类"
                        url="初始配置（AIC部署）\topics\1639035932402.html" />
                    <node id="2074" name="North_Info" icon="book" format="html" doctype="安装类"
                        url="初始配置（AIC部署）\topics\22-North_Info.html" />
                    <node id="2075" name="Common VoNR" icon="book" format="html" doctype="安装类"
                        url="初始配置（AIC部署）\topics\23-Common VoNR.html" />
                    <node id="2076" name="N_M(Pool)" icon="book" format="html" doctype="安装类"
                        url="初始配置（AIC部署）\topics\25-N_M(Pool).html" />
                    <node id="2077" name="VersionFile" icon="book" format="html" doctype="安装类"
                        url="初始配置（AIC部署）\topics\26-VersionFile.html" />
                    <node id="2078" name="Exist_MML" icon="book" format="html" doctype="安装类"
                        url="初始配置（AIC部署）\topics\1664348735055iDkR6Y.html" />
                    <node id="2079" name="Exist_MML_Type" icon="book" format="html" doctype="安装类"
                        url="初始配置（AIC部署）\topics\1664348726941R3181I.html" />
                    <node id="2080" name="Run" icon="book" format="html" doctype="安装类"
                        url="初始配置（AIC部署）\topics\27-Run.html" />
                    <node id="2081" name="PCF_Rosng_config" icon="book" format="html" doctype="安装类"
                        url="初始配置（AIC部署）\topics\28-PCF_Rosng_config.html" />
                    <node id="2082" name="PCF_Service_config" icon="book" format="html" doctype="安装类"
                        url="初始配置（AIC部署）\topics\29-PCF_Service_config.html" />
                </node>
                <node id="2083" name="导出LLD" icon="book" format="html" doctype="安装类"
                    url="初始配置（AIC部署）\topics\30-导出LLD.html" />
            </node>
            <node id="2084" name="自动部署配置" icon="book" format="html" doctype="安装类"
                url="初始配置（AIC部署）\topics\31-自动部署配置.html" />
            <node id="2085" name="参考" icon="book" format="html" doctype="安装类"
                url="初始配置（AIC部署）\topics\1638860050800.html">
                <node id="2086" name="加载临时License" icon="book" format="html" doctype="安装类"
                    url="初始配置（AIC部署）\topics\1638860058322（重用1）.html" />
                <node id="2087" name="使用iDeploy恢复局数据" icon="book" format="html" doctype="安装类"
                    url="初始配置（AIC部署）\topics\32-附录：iConfig局数据恢复.html" />
            </node>
        </node>
        <node id="2088" name="初始配置（手工部署）" icon="book" doctype="安装类" format="html" url="nodes/初始配置（手工部署）.html">
            <node id="2089" name="配置流程" icon="book" format="html" doctype="安装类"
                url="初始配置（手工部署）\topics\1-配置流程.html" />
            <node id="2090" name="配置准备" icon="book" format="html" doctype="安装类" url="初始配置（手工部署）\topics\2-配置准备.html">
                <node id="2091" name="NF接入EM" icon="book" format="html" doctype="安装类"
                    url="初始配置（手工部署）\topics\3-NF接入EM.html" />
                <node id="2092" name="配置模式说明" icon="book" format="html" doctype="安装类"
                    url="初始配置（手工部署）\topics\4-配置模式说明.html" />
                <node id="2093" name="License管理" icon="book" format="html" doctype="安装类"
                    url="初始配置（手工部署）\topics\5-License管理.html">
                    <node id="2094" name="申请License" icon="book" format="html" doctype="安装类"
                        url="初始配置（手工部署）\topics\6-申请License.html" />
                    <node id="2095" name="安装License" icon="book" format="html" doctype="安装类"
                        url="初始配置（手工部署）\topics\7-安装License.html" />
                    <node id="2096" name="备份License（可选）" icon="book" format="html" doctype="安装类"
                        url="初始配置（手工部署）\topics\8-备份License（可选）.html" />
                    <node id="2097" name="回滚License（可选）" icon="book" format="html" doctype="安装类"
                        url="初始配置（手工部署）\topics\9-回滚License（可选）.html" />
                </node>
                <node id="2098" name="同步全部表" icon="book" format="html" doctype="安装类"
                    url="初始配置（手工部署）\topics\10-同步全部表.html" />
            </node>
            <node id="2099" name="Rosng配置" icon="book" format="html" doctype="安装类"
                url="初始配置（手工部署）\topics\11-Rosng配置.html">
                <node id="2100" name="配置VRF" icon="book" format="html" doctype="安装类"
                    url="初始配置（手工部署）\topics\12-配置VRF.html" />
                <node id="2101" name="配置接口地址" icon="book" format="html" doctype="安装类"
                    url="初始配置（手工部署）\topics\13-配置接口地址.html" />
                <node id="2102" name="配置环回接口地址" icon="book" format="html" doctype="安装类"
                    url="初始配置（手工部署）\topics\14-配置环回接口地址.html" />
                <node id="2103" name="配置VLAN" icon="book" format="html" doctype="安装类"
                    url="初始配置（手工部署）\topics\15-配置VLAN.html" />
                <node id="2104" name="静态路由和BFD配置" icon="book" format="html" doctype="安装类"
                    url="初始配置（手工部署）\topics\1649660690614.html">
                    <node id="2105" name="非SDN+DCGW MLAG场景下的配置" icon="book" format="html" doctype="安装类"
                        url="初始配置（手工部署）\topics\1649661571899.html" />
                    <node id="2106" name="非SDN+DCGW双活场景下的配置" icon="book" format="html" doctype="安装类"
                        url="初始配置（手工部署）\topics\1649661576316.html" />
                    <node id="2107" name="SDN+DCGW双活场景下的配置" icon="book" format="html" doctype="安装类"
                        url="初始配置（手工部署）\topics\1649661582182.html" />
                </node>
            </node>
            <node id="2108" name="公共基础数据配置" icon="book" format="html" doctype="安装类"
                url="初始配置（手工部署）\topics\17-基础配置.html">
                <node id="2109" name="配置时区" icon="book" format="html" doctype="安装类"
                    url="初始配置（手工部署）\topics\18-配置时区.html" />
                <node id="2110" name="配置NTP服务器" icon="book" format="html" doctype="安装类"
                    url="初始配置（手工部署）\topics\19-配置NTP服务器.html" />
                <node id="2111" name="配置NF信息" icon="book" format="html" doctype="安装类"
                    url="初始配置（手工部署）\topics\20-配置NF信息.html" />
                <node id="2112" name="配置用户标识优先级（可选）" icon="book" format="html" doctype="安装类"
                    url="初始配置（手工部署）\topics\21-配置用户标识优先级.html" />
                <node id="2113" name="配置VM资产采集管理策略（可选）" icon="book" format="html" doctype="安装类"
                    url="初始配置（手工部署）\topics\1672995535597.html" />
                <node id="2114" name="配置过负荷控制" icon="book" format="html" doctype="安装类"
                    url="初始配置（手工部署）\topics\1687848874768.html" />
                <node id="2115" name="设置系统全局变量" icon="book" format="html" doctype="安装类"
                    url="初始配置（手工部署）\topics\1687848879831.html" />
            </node>
            <node id="2116" name="通用对接数据配置" icon="book" format="html" doctype="安装类"
                url="初始配置（手工部署）\topics\1673421212861.html">
                <node id="2117" name="配置PUDR对接数据" icon="book" format="html" doctype="安装类"
                    url="初始配置（手工部署）\topics\35-配置PUDR对接数据.html" />
                <node id="2118" name="配置SMSC对接数据（可选）" icon="book" format="html" doctype="安装类"
                    url="初始配置（手工部署）\topics\42-配置SMC对接数据.html" />
            </node>
            <node id="2119" name="PCRF对接数据配置" icon="book" format="html" doctype="安装类"
                url="初始配置（手工部署）\topics\1673420721916.html">
                <node id="2120" name="配置DRA对接数据" icon="book" format="html" doctype="安装类"
                    url="初始配置（手工部署）\topics\1687920765277.html">
                    <node id="2121" name="配置PCEF对接数据" icon="book" format="html" doctype="安装类"
                        url="初始配置（手工部署）\topics\34-配置DRA对接数据.html" />
                    <node id="2122" name="配置AF对接数据" icon="book" format="html" doctype="安装类"
                        url="初始配置（手工部署）\topics\167348997418417QBbF.html" />
                    <node id="2123" name="配置DRA对接（GX和Rx接口使用）" icon="book" format="html" doctype="安装类"
                        url="初始配置（手工部署）\topics\1687920946043.html" />
                </node>
                <node id="2124" name="配置OCS对接数据" icon="book" format="html" doctype="安装类"
                    url="初始配置（手工部署）\topics\1673313832174WHtGC6.html" />
            </node>
            <node id="2125" name="PCF对接数据配置" icon="book" format="html" doctype="安装类"
                url="初始配置（手工部署）\topics\1673420727228.html">
                <node id="2126" name="服务配置" icon="book" format="html" doctype="安装类"
                    url="初始配置（手工部署）\topics\22-服务配置.html">
                    <node id="2127" name="服务发现方式" icon="book" format="html" doctype="安装类"
                        url="初始配置（手工部署）\topics\1687852138227.html" />
                    <node id="2128" name="配置服务号段" icon="book" format="html" doctype="安装类"
                        url="初始配置（手工部署）\topics\23-配置服务号段.html" />
                    <node id="2129" name="配置DNN" icon="book" format="html" doctype="安装类"
                        url="初始配置（手工部署）\topics\24-配置DNN.html" />
                    <node id="2130" name="配置服务区" icon="book" format="html" doctype="安装类"
                        url="初始配置（手工部署）\topics\25-配置服务区.html" />
                    <node id="2131" name="配置PLMN（可选）" icon="book" format="html" doctype="安装类"
                        url="初始配置（手工部署）\topics\26-配置PLMN（可选）.html" />
                    <node id="2132" name="配置切片（可选）" icon="book" format="html" doctype="安装类"
                        url="初始配置（手工部署）\topics\27-配置切片（可选）.html" />
                    <node id="2133" name="配置NF Instance ID" icon="book" format="html" doctype="安装类"
                        url="初始配置（手工部署）\topics\28-配置NF Instance ID.html" />
                </node>
                <node id="2134" name="配置NRF对接数据" icon="book" format="html" doctype="安装类"
                    url="初始配置（手工部署）\topics\30-配置NRF对接数据.html">
                    <node id="2135" name="配置HTTP" icon="book" format="html" doctype="安装类"
                        url="初始配置（手工部署）\topics\31-配置HTTP.html" />
                    <node id="2136" name="配置NRF服务器" icon="book" format="html" doctype="安装类"
                        url="初始配置（手工部署）\topics\32-配置NRF服务器.html" />
                </node>
                <node id="2137" name="配置SMF对接数据" icon="book" format="html" doctype="安装类"
                    url="初始配置（手工部署）\topics\33-配置SMF对接数据.html" />
                <node id="2138" name="配置BSF对接数据" icon="book" format="html" doctype="安装类"
                    url="初始配置（手工部署）\topics\36-配置BSF对接数据.html">
                    <node id="2139" name="配置动态发现BSF" icon="book" format="html" doctype="安装类"
                        url="初始配置（手工部署）\topics\37-配置动态发现BSF.html" />
                    <node id="2140" name="配置静态BSF对接数据" icon="book" format="html" doctype="安装类"
                        url="初始配置（手工部署）\topics\38-配置静态BSF对接数据.html" />
                </node>
                <node id="2141" name="配置CHF对接数据" icon="book" format="html" doctype="安装类"
                    url="初始配置（手工部署）\topics\39-配置CHF对接数据.html">
                    <node id="2142" name="配置动态发现CHF" icon="book" format="html" doctype="安装类"
                        url="初始配置（手工部署）\topics\40-配置动态发现CHF.html" />
                    <node id="2143" name="配置静态CHF对接数据" icon="book" format="html" doctype="安装类"
                        url="初始配置（手工部署）\topics\41-配置静态CHF对接数据.html" />
                </node>
            </node>
            <node id="2144" name="同步变化表" icon="book" format="html" doctype="安装类"
                url="初始配置（手工部署）\topics\43-同步变化表.html" />
        </node>
        <node id="2145" name="规则配置" icon="book" doctype="安装类" format="html" url="nodes/规则配置.html">
            <node id="2146" name="业务分解指导" icon="book" format="html" doctype="安装类" url="规则配置\topics\业务分解指导.html">
                <node id="2147" name="总体原则" icon="book" format="html" doctype="安装类" url="规则配置\topics\总体原则.html" />
                <node id="2148" name="业务分解方法" icon="book" format="html" doctype="安装类" url="规则配置\topics\业务分解方法.html">
                    <node id="2149" name="策略分解" icon="book" format="html" doctype="安装类"
                        url="规则配置\topics\策略分解.html" />
                    <node id="2150" name="业务分解流程" icon="book" format="html" doctype="安装类"
                        url="规则配置\topics\业务分解流程.html" />
                </node>
            </node>
            <node id="2151" name="典型场景" icon="book" format="html" doctype="安装类" url="规则配置\topics\典型场景.html">
                <node id="2152" name="接口类" icon="book" format="html" doctype="安装类"
                    url="规则配置\topics\1634180715592.html">
                    <node id="2153" name="配置N5接口" icon="book" bkmk="z74c2fa926a0041e097a13291a0fc5b21" format="html"
                        doctype="安装类" url="规则配置\topics\1625210698226.html" />
                    <node id="2158" name="配置N7接口" icon="book" format="html" doctype="安装类"
                        url="规则配置\topics\1625799500982.html" />
                    <node id="2159" name="配置N15接口" icon="book" format="html" doctype="安装类"
                        url="规则配置\topics\1625799662559.html" />
                    <node id="2160" name="配置N28接口" icon="book" format="html" doctype="安装类"
                        url="规则配置\topics\1625799738314.html">
                        <node id="2161" name="配置本地CHF" icon="book" format="html" doctype="安装类"
                            url="规则配置\topics\1624871088331.html">
                            <node id="2162" name="配置说明" icon="book" format="html" doctype="安装类"
                                url="规则配置\topics\15-配置说明-5b2a91014d754301b62995365eac1710.html" />
                            <node id="2163" name="配置前提" icon="book" format="html" doctype="安装类"
                                url="规则配置\topics\16-配置前提-7ef3c9e78a554826a6ee6b6510621f90.html" />
                            <node id="2164" name="配置过程" icon="book" format="html" doctype="安装类"
                                url="规则配置\topics\17-配置过程-a48fa105b6994029b6727b15bae9824f.html" />
                            <node id="2165" name="配置实例" icon="book" format="html" doctype="安装类"
                                url="规则配置\topics\18-配置实例-7b1a58e6d7074a5bb29b2709be74a56b.html" />
                        </node>
                        <node id="2166" name="配置动态发现CHF" icon="book" format="html" doctype="安装类"
                            url="规则配置\topics\1624868495326.html">
                            <node id="2167" name="配置说明" icon="book" format="html" doctype="安装类"
                                url="规则配置\topics\1624870802536.html" />
                            <node id="2168" name="配置前提" icon="book" format="html" doctype="安装类"
                                url="规则配置\topics\1624871129065.html" />
                            <node id="2169" name="配置过程" icon="book" format="html" doctype="安装类"
                                url="规则配置\topics\1624871212587.html" />
                            <node id="2170" name="配置实例" icon="book" format="html" doctype="安装类"
                                url="规则配置\topics\1624871695539.html" />
                        </node>
                    </node>
                </node>
                <node id="2171" name="策略动作类" icon="book" format="html" doctype="安装类"
                    url="规则配置\topics\1634180727274.html">
                    <node id="2172" name="配置PDU会话策略控制" icon="book" bkmk="zeab90246c60749148d616824ed50d5f3"
                        format="html" doctype="安装类" url="规则配置\topics\1567134252179.html" />
                    <node id="2179" name="配置接入和移动性策略控制" icon="book" bkmk="z8a09d15cf792429983bac5a4acf1e063"
                        format="html" doctype="安装类" url="规则配置\topics\1567134344743.html" />
                    <node id="2185" name="配置URSP策略控制" icon="book" bkmk="topic1" format="html" doctype="安装类"
                        url="规则配置\topics\配置（重用2）.html" />
                </node>
                <node id="2190" name="套餐业务类" icon="book" format="html" doctype="安装类"
                    url="规则配置\topics\1634180723744.html">
                    <node id="2191" name="配置VoNR" icon="book" bkmk="z8a09d15cf792429983bac5a4acf1e063" format="html"
                        doctype="安装类" url="规则配置\topics\1567134344743（重用1）.html" />
                    <node id="2197" name="配置AF影响业务路由" icon="book" format="html" doctype="安装类"
                        url="规则配置\topics\1625186850272.html">
                        <node id="2198" name="配置基于UE标识的流量引导申请" icon="book" bkmk="z494d1f75fcf74534a4df0f9cd4e7dc0a"
                            format="html" doctype="安装类" url="规则配置\topics\1627460143070.html" />
                        <node id="2203" name="配置基于无UE标识的流量引导申请" icon="book" bkmk="z494d1f75fcf74534a4df0f9cd4e7dc0a"
                            format="html" doctype="安装类"
                            url="规则配置\topics\1625186850272-fb0a60a61c0141a1961234814ea25433.html" />
                    </node>
                </node>
            </node>
            <node id="2208" name="策略管理界面说明" icon="book" format="html" doctype="安装类" url="规则配置\topics\1-策略管理.html">
                <node id="2209" name="模板管理概述" icon="book" format="html" doctype="安装类"
                    url="规则配置\topics\1661305424498.html">
                    <node id="2210" name="模板管理" icon="book" format="html" doctype="安装类"
                        url="规则配置\topics\1661307015714.html" />
                </node>
                <node id="2211" name="基本数据配置" icon="book" format="html" doctype="安装类"
                    url="规则配置\topics\7-基本数据配置.html">
                    <node id="2212" name="时段" icon="book" format="html" doctype="安装类" url="规则配置\topics\8-时段.html" />
                    <node id="2213" name="返还算法" icon="book" format="html" doctype="安装类"
                        url="规则配置\topics\9-返还算法.html" />
                    <node id="2214" name="基本用量" icon="book" format="html" doctype="安装类"
                        url="规则配置\topics\10-基本用量.html" />
                    <node id="2215" name="表达式变量" icon="book" format="html" doctype="安装类"
                        url="规则配置\topics\11-表达式变量.html" />
                    <node id="2216" name="自定义变量" icon="book" format="html" doctype="安装类"
                        url="规则配置\topics\12-自定义变量.html" />
                    <node id="2217" name="费率曲线" icon="book" format="html" doctype="安装类"
                        url="规则配置\topics\费率曲线.html" />
                    <node id="2218" name="金额变量" icon="book" format="html" doctype="安装类" url="规则配置\topics\金额.html" />
                    <node id="2219" name="通知" icon="book" format="html" doctype="安装类"
                        url="规则配置\topics\13-通知.html" />
                </node>
                <node id="2220" name="策略元素配置" icon="book" format="html" doctype="安装类"
                    url="规则配置\topics\14-策略元素配置.html">
                    <node id="2221" name="条件" icon="book" format="html" doctype="安装类"
                        url="规则配置\topics\15-条件.html" />
                    <node id="2222" name="动作参数" icon="book" format="html" doctype="安装类"
                        url="规则配置\topics\16-动作参数.html" />
                    <node id="2223" name="规则" icon="book" format="html" doctype="安装类"
                        url="规则配置\topics\1595496303660.html" />
                    <node id="2224" name="场景" icon="book" format="html" doctype="安装类"
                        url="规则配置\topics\17-场景.html" />
                </node>
                <node id="2225" name="策略数据查询" icon="book" format="html" doctype="安装类" url="规则配置\topics\策略数据查询.html">
                    <node id="2226" name="场景查询" icon="book" format="html" doctype="安装类"
                        url="规则配置\topics\场景查询.html" />
                    <node id="2227" name="规则查询" icon="book" format="html" doctype="安装类"
                        url="规则配置\topics\规则查询.html" />
                    <node id="2228" name="关联数据查询" icon="book" format="html" doctype="安装类"
                        url="规则配置\topics\关联数据查询.html" />
                    <node id="2229" name="冗余数据查询" icon="book" format="html" doctype="安装类"
                        url="规则配置\topics\冗余数据查询.html" />
                </node>
                <node id="2230" name="日志报表查询" icon="book" format="html" doctype="安装类"
                    url="规则配置\topics\1661307805653.html">
                    <node id="2231" name="用户通知历史信息查询" icon="book" format="html" doctype="安装类"
                        url="规则配置\topics\1661307871564.html" />
                    <node id="2232" name="策略生效统计信息查询" icon="book" format="html" doctype="安装类"
                        url="规则配置\topics\1661308049526.html" />
                    <node id="2233" name="业务变更历史信息查询" icon="book" format="html" doctype="安装类"
                        url="规则配置\topics\1661311987077.html" />
                    <node id="2234" name="策略签约趋势查询" icon="book" format="html" doctype="安装类"
                        url="规则配置\topics\1661311990259.html" />
                    <node id="2235" name="策略历史查询" icon="book" format="html" doctype="安装类"
                        url="规则配置\topics\1661311993404.html" />
                </node>
            </node>
        </node>
        <node id="2236" name="安全加固" icon="book" doctype="安装类" format="html" url="nodes/安全加固.html">
            <node id="2237" name="加固说明" icon="book" format="html" doctype="安装类"
                url="安全加固\topics\1656587474436.html" />
            <node id="2238" name="数据备份" icon="book" format="html" doctype="安装类"
                url="安全加固\topics\1625041054487.html">
                <node id="2239" name="备份Rosng数据" icon="book" format="html" doctype="安装类"
                    url="安全加固\topics\1624863989407.html" />
                <node id="2240" name="备份配置数据" icon="book" format="html" doctype="安装类"
                    url="安全加固\topics\1624863993360.html" />
            </node>
            <node id="2241" name="各账户初始密码加固" icon="book" format="html" doctype="安装类"
                url="安全加固\topics\1614219143658.html" />
            <node id="2242" name="合规扫描加固" icon="book" format="html" doctype="安装类" url="安全加固\topics\配置合规扫描加固.html" />
            <node id="2243" name="操作系统加固" icon="book" format="html" doctype="安装类" url="安全加固\topics\操作系统加固.html" />
            <node id="2244" name="特殊场景加固" icon="book" format="html" doctype="安装类"
                url="安全加固\topics\1626234749638.html">
                <node id="2245" name="开启非root功能（可选）" icon="book" format="html" doctype="安装类"
                    url="安全加固\topics\1626234754470.html" />
                <node id="2246" name="开启SELinux功能（可选）" icon="book" format="html" doctype="安装类"
                    url="安全加固\topics\1626234759372.html" />
                <node id="2247" name="设置远程访问白名单-hosts文件方式（可选）" icon="book" format="html" doctype="安装类"
                    url="安全加固\topics\1626234775425.html" />
                <node id="2248" name="配置远程日志功能（可选）" icon="book" format="html" doctype="安装类"
                    url="安全加固\topics\1626234780447.html" />
                <node id="2249" name="手动处理绿盟等保合规问题" icon="book" format="html" doctype="安装类"
                    url="安全加固\topics\1626234785288.html" />
            </node>
            <node id="2250" name="加固后验证" icon="book" format="html" doctype="安装类" url="安全加固\topics\合规配置规范.html" />
            <node id="2251" name="参考" icon="book" format="html" doctype="安装类" url="安全加固\topics\1589506151272.html">
                <node id="2252" name="CCMF的NFS进程检查和修复" icon="book" format="html" doctype="安装类"
                    url="安全加固\topics\1625043145660.html" />
                <node id="2253" name="hosts.allow配置示例（未包含外部IP）" icon="book" format="html" doctype="安装类"
                    url="安全加固\topics\1626249649566.html" />
                <node id="2254" name="HTTPLB-SO加载失败（HTTPLB虚机扩容、重启、升级、整局重启等操作）" icon="book" format="html"
                    doctype="安装类" url="安全加固\topics\1687856152647.html" />
            </node>
        </node>
    </node>
</nodes>