<?xml version="1.0" ?>
<nodes>
    <node id="3300" name="操作与维护" icon="book" doctype="操作类" format="html" url="nodes/操作与维护.html">
        <node id="3301" name="拓扑管理" icon="book" doctype="操作类" format="html" url="nodes/拓扑管理.html">
            <node id="3302" name="逻辑视图" icon="book" format="html" doctype="操作类" url="拓扑管理\topics\逻辑视图页面介绍.html">
                <node id="3303" name="搜索资源" icon="book" format="html" doctype="操作类" url="拓扑管理\topics\搜索资源.html" />
                <node id="3304" name="查看网元当前告警" icon="book" format="html" doctype="操作类"
                    url="拓扑管理\topics\查看网元告警.html" />
                <node id="3305" name="查看网元信息概览" icon="book" format="html" doctype="操作类"
                    url="拓扑管理\topics\查看网元信息概览.html" />
                <node id="3306" name="设置重点KPI监控条件" icon="book" format="html" doctype="操作类"
                    url="拓扑管理\topics\设置重点KPI监控条件.html" />
                <node id="3307" name="设置重点告警监控条件" icon="book" format="html" doctype="操作类"
                    url="拓扑管理\topics\1573442547000.html" />
                <node id="3308" name="网元分组管理" icon="book" format="html" doctype="操作类" url="拓扑管理\topics\网元分组管理.html">
                    <node id="3309" name="创建网元分组" icon="book" format="html" doctype="操作类"
                        url="拓扑管理\topics\创建网元分组.html" />
                    <node id="3310" name="修改网元分组" icon="book" format="html" doctype="操作类"
                        url="拓扑管理\topics\修改网元分组.html" />
                    <node id="3311" name="删除网元分组" icon="book" format="html" doctype="操作类"
                        url="拓扑管理\topics\删除网元分组.html" />
                </node>
            </node>
            <node id="3312" name="分层接入" icon="book" format="html" doctype="操作类" url="拓扑管理\topics\分层接入管理（重用1）.html">
                <node id="3313" name="新建OAM代理" icon="book" format="html" doctype="操作类"
                    url="拓扑管理\topics\1583397161605（重用2）.html" />
                <node id="3314" name="管理代理" icon="book" format="html" doctype="操作类" url="拓扑管理\topics\管理代理.html" />
                <node id="3315" name="FAQ" icon="book" format="html" doctype="操作类"
                    url="拓扑管理\topics\1570583811584（重用2）.html" />
            </node>
        </node>
        <node id="3316" name="配置管理" icon="book" doctype="操作类" format="html" url="nodes/配置管理.html">
            <node id="3317" name="命令终端" icon="book" format="html" doctype="操作类"
                url="配置管理\topics\1555486444008.html">
                <node id="3318" name="命令终端概述" icon="book" format="html" doctype="操作类"
                    url="配置管理\topics\t-0012155808.html" />
                <node id="3319" name="按图形窗口执行命令" icon="book" format="html" doctype="操作类"
                    url="配置管理\topics\t-0013586550.html">
                    <node id="3320" name="保存命令执行结果" icon="book" format="html" doctype="操作类"
                        url="配置管理\topics\t-0013586604.html" />
                    <node id="3321" name="查看操作记录" icon="book" format="html" doctype="操作类"
                        url="配置管理\topics\t-0012155875.html" />
                    <node id="3322" name="获取命令帮助" icon="book" format="html" doctype="操作类"
                        url="配置管理\topics\t-0013586599.html" />
                </node>
                <node id="3323" name="批量执行命令" icon="book" format="html" doctype="操作类"
                    url="配置管理\topics\t-0013586613.html" />
                <node id="3324" name="创建定时任务" icon="book" format="html" doctype="操作类"
                    url="配置管理\topics\t-0013586616.html" />
                <node id="3325" name="执行群发脚本" icon="book" format="html" doctype="操作类"
                    url="配置管理\topics\1550739065159.html" />
                <node id="3326" name="参数配置" icon="book" format="html" doctype="操作类"
                    url="配置管理\topics\1655802945473.html">
                    <node id="3327" name="配置SSH并发数" icon="book" format="html" doctype="操作类"
                        url="配置管理\topics\1614237158321.html" />
                    <node id="3328" name="配置危险命令" icon="book" format="html" doctype="操作类"
                        url="配置管理\topics\1653035734827.html" />
                </node>
            </node>
            <node id="3329" name="查看离线配置变化表" icon="book" format="html" doctype="操作类"
                url="配置管理\topics\1622171836815.html" />
            <node id="3330" name="进入RCP策略管理窗口" icon="book" format="html" doctype="操作类"
                url="配置管理\topics\1591417465233.html" />
        </node>
        <node id="3331" name="安全管理" icon="book" doctype="操作类" format="html" url="nodes/安全管理.html">
            <node id="3332" name="安全管理概述" icon="book" format="html" doctype="操作类"
                url="安全管理\topics\t-0012155289.html" />
            <node id="3333" name="基本概念" icon="book" format="html" doctype="操作类"
                url="安全管理\topics\1589955445920.html" />
            <node id="3334" name="安全管理页面介绍" icon="book" format="html" doctype="操作类"
                url="安全管理\topics\t-0012155293.html" />
            <node id="3335" name="创建用户账号" icon="book" format="html" doctype="操作类"
                url="安全管理\topics\t-0013499991.html">
                <node id="3336" name="新建操作集" icon="book" format="html" doctype="操作类"
                    url="安全管理\topics\t-0013499992.html" />
                <node id="3337" name="新建角色" icon="book" format="html" doctype="操作类"
                    url="安全管理\topics\t-0013499997.html">
                    <node id="3338" name="新建区域安全管理员角色" icon="book" format="html" doctype="操作类"
                        url="安全管理\topics\1588833315517.html" />
                    <node id="3339" name="新建通用角色" icon="book" format="html" doctype="操作类"
                        url="安全管理\topics\1588834648542.html" />
                </node>
                <node id="3340" name="新建用户组" icon="book" format="html" doctype="操作类"
                    url="安全管理\topics\1587978869932.html" />
                <node id="3341" name="定制用户账户规则" icon="book" format="html" doctype="操作类"
                    url="安全管理\topics\t-0013500017.html" />
                <node id="3342" name="新建用户" icon="book" format="html" doctype="操作类"
                    url="安全管理\topics\t-0013500006.html" />
                <node id="3343" name="映射网元用户" icon="book" format="html" doctype="操作类"
                    url="安全管理\topics\1591171470862.html" />
            </node>
            <node id="3344" name="用户管理日常操作" icon="book" format="html" doctype="操作类"
                url="安全管理\topics\t-0012155332.html">
                <node id="3345" name="查询和管理登录用户" icon="book" format="html" doctype="操作类"
                    url="安全管理\topics\t-0013500026.html" />
                <node id="3346" name="强制退出用户" icon="book" format="html" doctype="操作类"
                    url="安全管理\topics\t-0013500031.html" />
                <node id="3347" name="解锁用户" icon="book" format="html" doctype="操作类"
                    url="安全管理\topics\t-0013500033.html" />
                <node id="3348" name="禁用用户" icon="book" format="html" doctype="操作类"
                    url="安全管理\topics\1588908114816.html" />
                <node id="3349" name="批量修改用户密码" icon="book" format="html" doctype="操作类"
                    url="安全管理\topics\t-0013500039.html" />
                <node id="3350" name="批量绑定账户规则" icon="book" format="html" doctype="操作类"
                    url="安全管理\topics\1588908567506.html" />
            </node>
            <node id="3351" name="安全数据维护" icon="book" format="html" doctype="操作类"
                url="安全管理\topics\1589943283639.html">
                <node id="3352" name="参数设置" icon="book" format="html" doctype="操作类"
                    url="安全管理\topics\1588986406181.html">
                    <node id="3353" name="设置用户闲置退出时间" icon="book" format="html" doctype="操作类"
                        url="安全管理\topics\1588923359116.html" />
                    <node id="3354" name="设置同名用户同时登录数限制" icon="book" format="html" doctype="操作类"
                        url="安全管理\topics\1588923974910.html" />
                    <node id="3355" name="修改登录横幅信息" icon="book" format="html" doctype="操作类"
                        url="安全管理\topics\1550819055074.html" />
                </node>
                <node id="3356" name="认证方式配置" icon="book" format="html" doctype="操作类" url="安全管理\topics\认证方式配置.html">
                    <node id="3357" name="配置本地认证" icon="book" format="html" doctype="操作类"
                        url="安全管理\topics\本地认证.html" />
                    <node id="3358" name="配置中移4A认证" icon="book" format="html" doctype="操作类"
                        url="安全管理\topics\中移4A认证.html" />
                    <node id="3359" name="配置Radius认证" icon="book" format="html" doctype="操作类"
                        url="安全管理\topics\Radius认证.html" />
                    <node id="3360" name="配置LDAP/LDAPS认证" icon="book" format="html" doctype="操作类"
                        url="安全管理\topics\1550822738132.html" />
                    <node id="3361" name="配置LDAP/LDAPS+本地认证" icon="book" format="html" doctype="操作类"
                        url="安全管理\topics\1569033068965.html" />
                    <node id="3362" name="配置4A票据认证" icon="book" format="html" doctype="操作类"
                        url="安全管理\topics\1583910984664.html" />
                    <node id="3363" name="配置NFV票据认证" icon="book" format="html" doctype="操作类"
                        url="安全管理\topics\1591778170513.html" />
                    <node id="3364" name="配置OTCP票据认证" icon="book" format="html" doctype="操作类"
                        url="安全管理\topics\1591779883660.html" />
                </node>
                <node id="3365" name="开启金库模式" icon="book" format="html" doctype="操作类"
                    url="安全管理\topics\1591166482954（重用1）.html" />
                <node id="3366" name="安全数据管理" icon="book" format="html" doctype="操作类"
                    url="安全管理\topics\1599014584730.html">
                    <node id="3367" name="备份用户管理数据" icon="book" format="html" doctype="操作类"
                        url="安全管理\topics\1588924207633.html" />
                    <node id="3368" name="恢复用户管理数据" icon="book" format="html" doctype="操作类"
                        url="安全管理\topics\1588988581186.html" />
                </node>
            </node>
        </node>
        <node id="3369" name="性能管理" icon="book" doctype="操作类" format="html" url="nodes/性能管理.html">
            <node id="3370" name="性能管理概述" icon="book" format="html" doctype="操作类"
                url="性能管理\topics\1582508228938.html">
                <node id="3371" name="基本概念" icon="book" format="html" doctype="操作类"
                    url="性能管理\topics\1531193844201.html" />
                <node id="3372" name="实现原理" icon="book" format="html" doctype="操作类"
                    url="性能管理\topics\1531205830202.html" />
                <node id="3373" name="性能管理功能" icon="book" bkmk="topic1" format="html" doctype="操作类"
                    url="性能管理\topics\1531211415351.html" />
            </node>
            <node id="3380" name="应用场景" icon="book" format="html" doctype="操作类" url="性能管理\topics\t-0012155807.html">
                <node id="3381" name="系统初建时的性能管理操作" icon="book" format="html" doctype="操作类"
                    url="性能管理\topics\t-0012155808.html" />
                <node id="3382" name="日常维护时的性能管理操作" icon="book" format="html" doctype="操作类"
                    url="性能管理\topics\t-0012155811.html" />
                <node id="3383" name="特殊场景下的性能管理操作" icon="book" format="html" doctype="操作类"
                    url="性能管理\topics\t-0012155814.html" />
            </node>
            <node id="3384" name="性能任务管理" icon="book" format="html" doctype="操作类"
                url="性能管理\topics\t-0012155845.html">
                <node id="3385" name="测量任务管理" icon="book" format="html" doctype="操作类"
                    url="性能管理\topics\1582096024072.html">
                    <node id="3386" name="创建测量任务" icon="book" format="html" doctype="操作类"
                        url="性能管理\topics\t-0013586575.html" />
                    <node id="3387" name="激活测量任务" icon="book" format="html" doctype="操作类"
                        url="性能管理\topics\t-0013586599.html" />
                    <node id="3388" name="查询测量任务" icon="book" format="html" doctype="操作类"
                        url="性能管理\topics\1554280419756.html" />
                    <node id="3389" name="同步测量任务" icon="book" format="html" doctype="操作类"
                        url="性能管理\topics\t-0012155875.html" />
                </node>
                <node id="3390" name="性能门限任务管理" icon="book" format="html" doctype="操作类"
                    url="性能管理\topics\t-0013586679.html">
                    <node id="3391" name="新建普通性能门限任务" icon="book" format="html" doctype="操作类"
                        url="性能管理\topics\1617864473337.html" />
                    <node id="3392" name="新建历史统计对比任务" icon="book" format="html" doctype="操作类"
                        url="性能管理\topics\1617864477927.html" />
                    <node id="3393" name="新建历史同期对比任务" icon="book" format="html" doctype="操作类"
                        url="性能管理\topics\1617864482772.html" />
                    <node id="3394" name="新建复合条件任务" icon="book" format="html" doctype="操作类"
                        url="性能管理\topics\1617864488173.html" />
                </node>
                <node id="3395" name="检查性能数据完整性" icon="book" format="html" doctype="操作类"
                    url="性能管理\topics\t-0013586604.html" />
                <node id="3396" name="补采性能数据" icon="book" format="html" doctype="操作类"
                    url="性能管理\topics\t-0013586613.html" />
            </node>
            <node id="3397" name="性能数据查询" icon="book" format="html" doctype="操作类"
                url="性能管理\topics\t-0012155888.html">
                <node id="3398" name="查询历史性能数据" icon="book" format="html" doctype="操作类"
                    url="性能管理\topics\查询性能数据（普通查询）.html" />
                <node id="3399" name="我的导出" icon="book" format="html" doctype="操作类"
                    url="性能管理\topics\1554273953529.html" />
                <node id="3400" name="创建定时导出任务" icon="book" format="html" doctype="操作类"
                    url="性能管理\topics\t-0013586624.html" />
            </node>
            <node id="3401" name="性能数据监控" icon="book" format="html" doctype="操作类"
                url="性能管理\topics\t-0012155945.html">
                <node id="3402" name="创建实时监控任务" icon="book" format="html" doctype="操作类"
                    url="性能管理\topics\1579501359161.html" />
                <node id="3403" name="创建历史监控任务" icon="book" format="html" doctype="操作类"
                    url="性能管理\topics\t-0013586670.html" />
            </node>
            <node id="3404" name="测量对象和指标管理" icon="book" format="html" doctype="操作类"
                url="性能管理\topics\1582699786358.html">
                <node id="3405" name="指标管理" icon="book" format="html" doctype="操作类"
                    url="性能管理\topics\t-0010981043.html">
                    <node id="3406" name="查询性能指标" icon="book" format="html" doctype="操作类"
                        url="性能管理\topics\1582788368763.html" />
                    <node id="3407" name="新建性能指标" icon="book" format="html" doctype="操作类"
                        url="性能管理\topics\1582788469683.html" />
                    <node id="3408" name="查询计数器" icon="book" format="html" doctype="操作类"
                        url="性能管理\topics\1582788245429.html" />
                    <node id="3409" name="查询测量对象类型" icon="book" format="html" doctype="操作类"
                        url="性能管理\topics\1582787586834.html" />
                    <node id="3410" name="查询网元类型" icon="book" format="html" doctype="操作类"
                        url="性能管理\topics\1582787376330.html" />
                </node>
                <node id="3411" name="创建指标模板" icon="book" format="html" doctype="操作类"
                    url="性能管理\topics\t-0013586616.html" />
                <node id="3412" name="查看测量对象" icon="book" format="html" doctype="操作类"
                    url="性能管理\topics\t-0013586550.html" />
                <node id="3413" name="创建测量对象模板" icon="book" format="html" doctype="操作类"
                    url="性能管理\topics\1555470499805.html" />
            </node>
        </node>
        <node id="3414" name="告警管理" icon="book" doctype="操作类" format="html" url="nodes/告警管理.html">
            <node id="3415" name="告警管理概述" icon="book" format="html" doctype="操作类" url="告警管理\topics\概述.html">
                <node id="3416" name="实现原理" icon="book" format="html" doctype="操作类" url="告警管理\topics\实现原理.html" />
                <node id="3417" name="相关概念" icon="book" format="html" doctype="操作类" url="告警管理\topics\基本概念.html">
                    <node id="3418" name="告警和通知" icon="book" format="html" doctype="操作类"
                        url="告警管理\topics\告警和通知.html" />
                    <node id="3419" name="告警级别" icon="book" format="html" doctype="操作类"
                        url="告警管理\topics\告警级别.html" />
                    <node id="3420" name="告警状态" icon="book" format="html" doctype="操作类"
                        url="告警管理\topics\告警状态.html" />
                </node>
                <node id="3421" name="告警页面介绍" icon="book" format="html" doctype="操作类"
                    url="告警管理\topics\告警监控页面介绍.html" />
                <node id="3422" name="告警管理模块说明" icon="book" format="html" doctype="操作类"
                    url="告警管理\topics\告警管理模块说明.html" />
            </node>
            <node id="3423" name="监控告警和通知" icon="book" format="html" doctype="操作类" url="告警管理\topics\监控告警.html">
                <node id="3424" name="查询当前告警" icon="book" format="html" doctype="操作类"
                    url="告警管理\topics\通知监控和查询.html">
                    <node id="3425" name="按自定义条件查询" icon="book" format="html" doctype="操作类"
                        url="告警管理\topics\1589246852073.html" />
                    <node id="3426" name="按告警级别查询" icon="book" format="html" doctype="操作类"
                        url="告警管理\topics\1589247990247.html" />
                    <node id="3427" name="按已有条件查询" icon="book" format="html" doctype="操作类"
                        url="告警管理\topics\1589248442619.html" />
                </node>
                <node id="3428" name="查询历史告警" icon="book" format="html" doctype="操作类" url="告警管理\topics\查询历史告警.html">
                    <node id="3429" name="按自定义条件查询" icon="book" format="html" doctype="操作类"
                        url="告警管理\topics\1589249690845.html" />
                    <node id="3430" name="按已有条件查询" icon="book" format="html" doctype="操作类"
                        url="告警管理\topics\1589251191925.html" />
                </node>
                <node id="3431" name="查询通知" icon="book" format="html" doctype="操作类"
                    url="告警管理\topics\1597314493363.html">
                    <node id="3432" name="查询通知信息" icon="book" format="html" doctype="操作类"
                        url="告警管理\topics\1589251647975.html" />
                    <node id="3433" name="监控通知信息" icon="book" format="html" doctype="操作类"
                        url="告警管理\topics\1589252275125.html" />
                </node>
                <node id="3434" name="查看告警详情" icon="book" format="html" doctype="操作类"
                    url="告警管理\topics\查看告警详情.html" />
                <node id="3435" name="查看告警提示" icon="book" format="html" doctype="操作类"
                    url="告警管理\topics\1550741520978.html" />
                <node id="3436" name="查看当前告警统计" icon="book" format="html" doctype="操作类"
                    url="告警管理\topics\查看当前告警统计.html" />
                <node id="3437" name="查看历史告警统计" icon="book" format="html" doctype="操作类"
                    url="告警管理\topics\查看历史告警统计.html">
                    <node id="3438" name="查看基础统计" icon="book" format="html" doctype="操作类"
                        url="告警管理\topics\历史告警基础统计.html" />
                    <node id="3439" name="查看忙时统计" icon="book" format="html" doctype="操作类"
                        url="告警管理\topics\历史告警忙时统计.html" />
                    <node id="3440" name="查看重要告警码统计" icon="book" format="html" doctype="操作类"
                        url="告警管理\topics\重要告警码统计.html" />
                    <node id="3441" name="查看故障/故障频次统计" icon="book" format="html" doctype="操作类"
                        url="告警管理\topics\故障故障频次统计.html" />
                </node>
            </node>
            <node id="3442" name="告警处理" icon="book" format="html" doctype="操作类" url="告警管理\topics\告警处理.html">
                <node id="3443" name="确认告警" icon="book" format="html" doctype="操作类"
                    url="告警管理\topics\确认反确认告警.html" />
                <node id="3444" name="自定义告警处理建议" icon="book" format="html" doctype="操作类"
                    url="告警管理\topics\告警处理建议自定义.html">
                    <node id="3445" name="集中自定义处理建议" icon="book" format="html" doctype="操作类"
                        url="告警管理\topics\1589879933476.html" />
                    <node id="3446" name="单个自定义处理建议" icon="book" format="html" doctype="操作类"
                        url="告警管理\topics\1589880171843.html" />
                </node>
                <node id="3447" name="清除告警" icon="book" format="html" doctype="操作类" url="告警管理\topics\清除告警.html" />
                <node id="3448" name="前转告警" icon="book" format="html" doctype="操作类" url="告警管理\topics\告警前转.html" />
            </node>
            <node id="3449" name="管理告警和通知" icon="book" format="html" doctype="操作类" url="告警管理\topics\管理告警数据.html">
                <node id="3450" name="同步当前告警" icon="book" format="html" doctype="操作类" url="告警管理\topics\告警同步.html" />
                <node id="3451" name="导出告警" icon="book" format="html" doctype="操作类"
                    url="告警管理\topics\1589275755800.html">
                    <node id="3452" name="手动导出告警" icon="book" format="html" doctype="操作类"
                        url="告警管理\topics\告警导出.html" />
                    <node id="3453" name="定时导出当前告警" icon="book" format="html" doctype="操作类"
                        url="告警管理\topics\管理定时输出任务.html" />
                    <node id="3454" name="定时导出历史告警" icon="book" format="html" doctype="操作类"
                        url="告警管理\topics\1597305168374.html" />
                </node>
                <node id="3455" name="手动导出通知" icon="book" format="html" doctype="操作类" url="告警管理\topics\导出通知.html" />
                <node id="3456" name="定时导出历史统计数据" icon="book" format="html" doctype="操作类"
                    url="告警管理\topics\管理定时统计任务.html" />
            </node>
            <node id="3457" name="告警设置" icon="book" format="html" doctype="操作类" url="告警管理\topics\设置告警.html">
                <node id="3458" name="设置告警属性" icon="book" format="html" doctype="操作类" url="告警管理\topics\告警视听设置.html">
                    <node id="3459" name="重定义告警级别" icon="book" format="html" doctype="操作类"
                        url="告警管理\topics\1589338834807.html" />
                    <node id="3460" name="设置告警提示的声音和颜色" icon="book" format="html" doctype="操作类"
                        url="告警管理\topics\1589349734296.html" />
                    <node id="3461" name="定制告警码" icon="book" format="html" doctype="操作类"
                        url="告警管理\topics\1589351449977.html" />
                    <node id="3462" name="设置告警提示" icon="book" format="html" doctype="操作类"
                        url="告警管理\topics\1589352484533.html" />
                    <node id="3463" name="设置前转模板" icon="book" format="html" doctype="操作类"
                        url="告警管理\topics\1589353862472.html" />
                    <node id="3464" name="设置历史告警自动确认" icon="book" format="html" doctype="操作类"
                        url="告警管理\topics\1589354211564.html" />
                    <node id="3465" name="设置自动同步任务" icon="book" format="html" doctype="操作类"
                        url="告警管理\topics\1589354533097.html" />
                    <node id="3466" name="设置锁定告警" icon="book" format="html" doctype="操作类"
                        url="告警管理\topics\1589355065412.html" />
                    <node id="3467" name="设置列定制模板" icon="book" format="html" doctype="操作类"
                        url="告警管理\topics\1614132862186.html" />
                </node>
                <node id="3468" name="设置告警处理规则" icon="book" format="html" doctype="操作类"
                    url="告警管理\topics\设置告警通知自动处理规则.html" />
                <node id="3469" name="设置告警抑制计划" icon="book" format="html" doctype="操作类"
                    url="告警管理\topics\设置告警抑制计划任务-1.html" />
            </node>
            <node id="3470" name="告警关联规则管理" icon="book" format="html" doctype="操作类" url="告警管理\topics\RCA规则管理.html">
                <node id="3471" name="导入规则包" icon="book" format="html" doctype="操作类"
                    url="告警管理\topics\导入RCA规则包.html" />
                <node id="3472" name="新建关联规则" icon="book" format="html" doctype="操作类"
                    url="告警管理\topics\创建RCA规则.html" />
                <node id="3473" name="查看根告警及其子告警" icon="book" format="html" doctype="操作类"
                    url="告警管理\topics\查看根告警及其衍生告警.html" />
            </node>
        </node>
        <node id="3474" name="日志管理" icon="book" doctype="操作类" format="html" url="nodes/日志管理.html">
            <node id="3475" name="日志管理概述" icon="book" format="html" doctype="操作类"
                url="日志管理\topics\t-0012155557.html" />
            <node id="3476" name="查询日志" icon="book" format="html" doctype="操作类" url="日志管理\topics\t-0012155558.html">
                <node id="3477" name="查询操作日志" icon="book" format="html" doctype="操作类"
                    url="日志管理\topics\1583914568801.html" />
                <node id="3478" name="查询安全日志" icon="book" format="html" doctype="操作类"
                    url="日志管理\topics\1583917777660.html" />
                <node id="3479" name="查询系统日志" icon="book" format="html" doctype="操作类"
                    url="日志管理\topics\1583919220660.html" />
            </node>
            <node id="3480" name="查看日志统计信息" icon="book" format="html" doctype="操作类"
                url="日志管理\topics\t-0013500262.html" />
            <node id="3481" name="导出日志" icon="book" format="html" doctype="操作类" url="日志管理\topics\网元日志信息查询.html">
                <node id="3482" name="导出日志到FTP服务器" icon="book" format="html" doctype="操作类"
                    url="日志管理\topics\1590041431632.html" />
                <node id="3483" name="导出日志到Syslog服务器" icon="book" format="html" doctype="操作类"
                    url="日志管理\topics\1590043383337.html" />
            </node>
        </node>
        <node id="3484" name="信令跟踪" icon="book" doctype="操作类" format="html" url="nodes/信令跟踪.html">
            <node id="3485" name="端到端跟踪" icon="book" format="html" doctype="操作类"
                url="信令跟踪\topics\1555661019673.html">
                <node id="3486" name="跟踪用户" icon="book" format="html" doctype="操作类" url="信令跟踪\topics\用户跟踪.html" />
                <node id="3487" name="跟踪Pool" icon="book" format="html" doctype="操作类"
                    url="信令跟踪\topics\1584081846008（重用1）.html" />
            </node>
            <node id="3488" name="CN跟踪（OAM）" icon="book" format="html" doctype="操作类"
                url="信令跟踪\topics\CN跟踪（重用3）.html">
                <node id="3489" name="通用操作" icon="book" format="html" doctype="操作类"
                    url="信令跟踪\topics\1668578418930.html">
                    <node id="3490" name="新建跟踪任务" icon="book" format="html" doctype="操作类"
                        url="信令跟踪\topics\新建CN跟踪任务（重用3）.html" />
                    <node id="3491" name="启动跟踪任务" icon="book" format="html" doctype="操作类"
                        url="信令跟踪\topics\启动跟踪任务（重用2）.html" />
                    <node id="3492" name="停止跟踪任务" icon="book" format="html" doctype="操作类"
                        url="信令跟踪\topics\停止跟踪任务（重用2）.html" />
                    <node id="3493" name="修改跟踪任务" icon="book" format="html" doctype="操作类"
                        url="信令跟踪\topics\修改跟踪任务（重用2）.html" />
                    <node id="3494" name="删除跟踪任务" icon="book" format="html" doctype="操作类"
                        url="信令跟踪\topics\删除跟踪任务（重用2）.html" />
                    <node id="3495" name="查看网元状态" icon="book" format="html" doctype="操作类"
                        url="信令跟踪\topics\查看网元状态（重用2）.html" />
                    <node id="3496" name="实时监控跟踪数据" icon="book" format="html" doctype="操作类"
                        url="信令跟踪\topics\实时监控跟踪数据（重用2）.html" />
                    <node id="3497" name="查看历史跟踪数据" icon="book" format="html" doctype="操作类"
                        url="信令跟踪\topics\查看历史跟踪数据（重用2）.html" />
                    <node id="3498" name="查看详细码流" icon="book" format="html" doctype="操作类"
                        url="信令跟踪\topics\查看详细码流（重用2）.html" />
                    <node id="3499" name="保存数据" icon="book" format="html" doctype="操作类"
                        url="信令跟踪\topics\保存数据（重用2）.html" />
                    <node id="3500" name="设置信令数据存储参数" icon="book" format="html" doctype="操作类"
                        url="信令跟踪\topics\信令数据存储设置.html" />
                    <node id="3501" name="设置原因码" icon="book" format="html" doctype="操作类"
                        url="信令跟踪\topics\1569204811794.html" />
                    <node id="3502" name="查看离线数据" icon="book" format="html" doctype="操作类"
                        url="信令跟踪\topics\查看离线数据.html" />
                </node>
                <node id="3503" name="SIG信令跟踪" icon="book" format="html" doctype="操作类"
                    url="信令跟踪\topics\1568599616501.html">
                    <node id="3504" name="跟踪基于偶联ID的SCTP信令" icon="book" format="html" doctype="操作类"
                        url="信令跟踪\topics\1568599616954.html" />
                    <node id="3505" name="跟踪基于端口号的SCTP信令" icon="book" format="html" doctype="操作类"
                        url="信令跟踪\topics\1568599617392.html" />
                    <node id="3506" name="跟踪基于IP+PORT的SCTP信令" icon="book" format="html" doctype="操作类"
                        url="信令跟踪\topics\1568599617829.html" />
                </node>
                <node id="3507" name="PCF信令跟踪" icon="book" format="html" doctype="操作类"
                    url="信令跟踪\topics\1568599883542.html">
                    <node id="3508" name="跟踪用户" icon="book" format="html" doctype="操作类"
                        url="信令跟踪\topics\1568599822912.html" />
                    <node id="3509" name="跟踪全量消息" icon="book" format="html" doctype="操作类"
                        url="信令跟踪\topics\1568599823459.html" />
                    <node id="3510" name="跟踪Diameter信令" icon="book" format="html" doctype="操作类"
                        url="信令跟踪\topics\1568616398379.html" />
                    <node id="3511" name="跟踪短消息信令" icon="book" format="html" doctype="操作类"
                        url="信令跟踪\topics\1587885264051.html" />
                </node>
                <node id="3512" name="SBIGW信令跟踪" icon="book" format="html" doctype="操作类"
                    url="信令跟踪\topics\1679622371968.html">
                    <node id="3513" name="跟踪HTTP链路信令" icon="book" format="html" doctype="操作类"
                        url="信令跟踪\topics\1616051478357.html" />
                    <node id="3514" name="跟踪HTTP服务信令" icon="book" format="html" doctype="操作类"
                        url="信令跟踪\topics\1616050476474.html" />
                    <node id="3515" name="跟踪SBIGW全流程信令" icon="book" format="html" doctype="操作类"
                        url="信令跟踪\topics\1660206549140.html" />
                </node>
                <node id="3516" name="跟踪IPS数据" icon="book" format="html" doctype="操作类"
                    url="信令跟踪\topics\1667180672860.html" />
                <node id="3517" name="观察PCF失败消息" icon="book" format="html" doctype="操作类" searchtitle="PCF失败观察"
                    url="信令跟踪\topics\1568617084574.html" />
            </node>
        </node>
        <node id="3518" name="备份与恢复" icon="book" doctype="操作类" format="html" url="nodes/备份与恢复.html">
            <node id="3519" name="备份与恢复简介" icon="book" format="html" doctype="操作类"
                url="备份与恢复\topics\1-备份与恢复简介.html" />
            <node id="3520" name="注意事项" icon="book" format="html" doctype="操作类" url="备份与恢复\topics\2-注意事项.html" />
            <node id="3521" name="备份NF数据" icon="book" format="html" doctype="操作类"
                url="备份与恢复\topics\1571022276545.html">
                <node id="3522" name="手工备份NF数据" icon="book" format="html" doctype="操作类"
                    url="备份与恢复\topics\1571022329771.html" />
                <node id="3523" name="自动备份NF数据" icon="book" format="html" doctype="操作类"
                    url="备份与恢复\topics\1571024323430.html" />
                <node id="3524" name="查询系统对象集合" icon="book" format="html" doctype="操作类"
                    url="备份与恢复\topics\7-查询系统对象集合.html" />
            </node>
            <node id="3525" name="恢复NF数据" icon="book" format="html" doctype="操作类"
                url="备份与恢复\topics\1571024345760.html" />
        </node>
        <node id="3526" name="例行维护" icon="book" doctype="操作类" format="html" url="nodes/例行维护.html">
            <node id="3527" name="例行维护的分类" icon="book" format="html" doctype="操作类"
                url="例行维护\topics\1-例行维护的分类.html" />
            <node id="3528" name="例行维护注意事项" icon="book" format="html" doctype="操作类"
                url="例行维护\topics\2-例行维护注意事项.html" />
            <node id="3529" name="对维护人员的基本要求" icon="book" format="html" doctype="操作类"
                url="例行维护\topics\3-对维护人员的基本要求.html" />
            <node id="3530" name="例行维护常用工具" icon="book" format="html" doctype="操作类"
                url="例行维护\topics\4-例行维护常用工具.html" />
            <node id="3531" name="日例行维护" icon="book" format="html" doctype="操作类"
                url="例行维护\topics\1582166837026.html">
                <node id="3532" name="检查当前告警" icon="book" format="html" doctype="操作类"
                    url="例行维护\topics\1582181944267.html" />
                <node id="3533" name="检查CPU使用率" icon="book" format="html" doctype="操作类"
                    url="例行维护\topics\1582181944677.html" />
                <node id="3534" name="检查内存/磁盘空间使用率" icon="book" format="html" doctype="操作类"
                    url="例行维护\topics\1585098188390.html" />
                <node id="3535" name="检查日志信息" icon="book" format="html" doctype="操作类"
                    url="例行维护\topics\1582181944887.html" />
                <node id="3536" name="检查NTP服务" icon="book" format="html" doctype="操作类"
                    url="例行维护\topics\9-检查NTP服务.html" />
                <node id="3537" name="检查HTTP链路" icon="book" format="html" doctype="操作类"
                    url="例行维护\topics\1585038184686.html" />
            </node>
            <node id="3538" name="周例行维护" icon="book" format="html" doctype="操作类"
                url="例行维护\topics\1582166839476.html">
                <node id="3539" name="检查历史告警" icon="book" format="html" doctype="操作类"
                    url="例行维护\topics\1582181945217.html" />
                <node id="3540" name="检查系统自动备份" icon="book" format="html" doctype="操作类"
                    url="例行维护\topics\1582181945837.html" />
                <node id="3541" name="检查防病毒软件" icon="book" format="html" doctype="操作类"
                    url="例行维护\topics\1582166841446.html" />
                <node id="3542" name="检查虚拟机实例运行状态" icon="book" format="html" doctype="操作类"
                    url="例行维护\topics\15-检查虚拟机实例运行状态.html" />
            </node>
            <node id="3543" name="月例行维护" icon="book" format="html" doctype="操作类"
                url="例行维护\topics\1582166841666.html">
                <node id="3544" name="检查软件版本" icon="book" format="html" doctype="操作类"
                    url="例行维护\topics\1634783263933.html" />
                <node id="3545" name="手工备份配置数据" icon="book" format="html" doctype="操作类"
                    url="例行维护\topics\1575250337475.html" />
                <node id="3546" name="检查远程控制工具" icon="book" format="html" doctype="操作类"
                    url="例行维护\topics\1582166842556.html" />
            </node>
            <node id="3547" name="年例行维护" icon="book" format="html" doctype="操作类"
                url="例行维护\topics\1582166843356.html">
                <node id="3548" name="测试SC倒换" icon="book" format="html" doctype="操作类"
                    url="例行维护\topics\30-测试接口机 Webagent倒换.html" />
            </node>
            <node id="3549" name="附录：常用维护表格" icon="book" format="html" doctype="操作类"
                url="例行维护\topics\96-常用维护表格.html">
                <node id="3550" name="日维护记录表" icon="book" format="html" doctype="操作类"
                    url="例行维护\topics\97-日维护记录表.html" />
                <node id="3551" name="周维护记录表" icon="book" format="html" doctype="操作类"
                    url="例行维护\topics\98-周维护记录表.html" />
                <node id="3552" name="月维护记录表" icon="book" format="html" doctype="操作类"
                    url="例行维护\topics\99-月维护记录表.html" />
                <node id="3553" name="年维护记录表" icon="book" format="html" doctype="操作类"
                    url="例行维护\topics\101-年维护记录表.html" />
            </node>
            <node id="3554" name="危险操作一览表" icon="book" format="html" doctype="操作类"
                url="例行维护\topics\36-危险操作一览表.html" />
        </node>
        <node id="3555" name="常用操作" icon="book" doctype="操作类" format="html" url="nodes/常用操作.html">
            <node id="3556" name="登录EM系统" icon="book" format="html" doctype="操作类"
                url="常用操作\topics\t-0013190413.html" />
            <node id="3557" name="查询版本号" icon="book" format="html" doctype="操作类"
                url="常用操作\topics\查询USPP运行版本.html" />
            <node id="3558" name="查询设备形态" icon="book" format="html" doctype="操作类"
                url="常用操作\topics\1657524556937.html" />
            <node id="3559" name="查询SC所在虚机" icon="book" format="html" doctype="操作类"
                url="常用操作\topics\1573541922412.html" />
            <node id="3560" name="重启SC" icon="book" format="html" doctype="操作类" url="常用操作\topics\重启SC.html" />
            <node id="3561" name="登录OMU虚机" icon="book" format="html" doctype="操作类" url="常用操作\topics\d0e662.html" />
            <node id="3562" name="登录PP虚机" icon="book" format="html" doctype="操作类" url="常用操作\topics\d0e673.html" />
            <node id="3563" name="停止虚机" icon="book" format="html" doctype="操作类"
                url="常用操作\topics\1679305169837j9WeTP.html" />
            <node id="3564" name="启动虚机" icon="book" format="html" doctype="操作类"
                url="常用操作\topics\1679305169837VFUTbe.html" />
            <node id="3565" name="重启虚机" icon="book" format="html" doctype="操作类" url="常用操作\topics\1782101.html" />
        </node>
    </node>
</nodes>