<?xml version="1.0" ?>
<nodes>
    <node id="2255" name="特性指导" icon="book" doctype="安装类" format="html" url="nodes/特性指导.html">
        <node id="2256" name="特性说明" icon="book" doctype="安装类" format="html" url="nodes/特性说明.html">
            <node id="2257" name="RCP特性说明" icon="book" format="html" doctype="安装类"
                url="特性说明\topics\1627888618022.html" />
        </node>
        <node id="2258" name="接口类特性" icon="book" doctype="安装类" format="html" url="nodes/接口类特性.html">
            <node id="2259" name="FL-07-01-001 HTTP信令路由" icon="book" doctype="安装类" format="html"
                url="nodes/FL-07-01-001 HTTP信令路由.html">
                <node id="2260" name="特性描述" icon="book" bkmk="topic1" format="html" doctype="安装类"
                    url="FL-07-01-001 HTTP信令路由\topics\特性描述.html" />
                <node id="2280" name="特性配置" icon="book" bkmk="topic1" format="html" doctype="安装类"
                    url="FL-07-01-001 HTTP信令路由\topics\特性配置.html" />
                <node id="2327" name="参考" icon="book" format="html" doctype="安装类"
                    url="FL-07-01-001 HTTP信令路由\topics\1681887165242.html">
                    <node id="2328" name="加载TLS证书套件" icon="book" format="html" doctype="安装类"
                        url="FL-07-01-001 HTTP信令路由\topics\1568947104006.html" />
                </node>
            </node>
            <node id="2329" name="FL-07-01-002 中移策略报表" icon="book" doctype="安装类" format="html"
                url="nodes/FL-07-01-002 中移策略报表.html">
                <node id="2330" name="特性描述" icon="book" bkmk="d0e10" format="html" doctype="安装类"
                    url="FL-07-01-002 中移策略报表\topics\d0e10.html" />
                <node id="2347" name="特性配置" icon="book" bkmk="d0e2297" format="html" doctype="安装类"
                    url="FL-07-01-002 中移策略报表\topics\d0e2297.html" />
            </node>
            <node id="2354" name="FL-07-01-003 EMSPlus接口" icon="book" doctype="安装类" format="html"
                url="nodes/FL-07-01-003 EMSPlus接口.html">
                <node id="2355" name="特性描述" icon="book" bkmk="T_2017510842492" format="html" doctype="安装类"
                    url="FL-07-01-003 EMSPlus接口\topics\1-特性描述.html" />
                <node id="2376" name="特性配置" icon="book" bkmk="T_20175108424915" format="html" doctype="安装类"
                    url="FL-07-01-003 EMSPlus接口\topics\14-特性配置.html" />
            </node>
            <node id="2383" name="FL-07-01-004 PPM接口" icon="book" doctype="安装类" format="html"
                url="nodes/FL-07-01-004 PPM接口.html">
                <node id="2384" name="特性描述" icon="book" bkmk="T_2017510842492" format="html" doctype="安装类"
                    url="FL-07-01-004 PPM接口\topics\1-特性描述.html" />
                <node id="2401" name="特性配置" icon="book" bkmk="T_20175108424915" format="html" doctype="安装类"
                    url="FL-07-01-004 PPM接口\topics\14-特性配置.html" />
            </node>
            <node id="2413" name="ZUF-59-41-001 Diameter Gx接口" icon="book" doctype="安装类" format="html"
                url="nodes/ZUF-59-41-001 Diameter Gx接口.html">
                <node id="2414" name="特性描述" icon="book" bkmk="z78668ef16dbf4e099359b32046d690a0" format="html"
                    doctype="安装类" url="ZUF-59-41-001 Diameter Gx接口\topics\1665304702336.html" />
                <node id="2437" name="特性配置" icon="book" bkmk="z7e2dd8f3fbba430382acc59c03b7b823" format="html"
                    doctype="安装类" url="ZUF-59-41-001 Diameter Gx接口\topics\1664431926453.html" />
            </node>
            <node id="2450" name="ZUF-59-41-051 N7接口" icon="book" doctype="安装类" format="html"
                url="nodes/ZUF-59-41-051 N7接口.html">
                <node id="2451" name="特性描述" icon="book" bkmk="zc8309bd92559475dbb39f4755a677c6d" format="html"
                    doctype="安装类" url="ZUF-59-41-051 N7接口\topics\1569726695302.html" />
                <node id="2462" name="特性配置" icon="book" bkmk="z1b97a5d94f3a4fb5b628c6126a0e8a6e" format="html"
                    doctype="安装类" url="ZUF-59-41-051 N7接口\topics\1625196298679.html" />
            </node>
            <node id="2463" name="ZUF-59-51-004 Diameter Sy接口" icon="book" doctype="安装类" format="html"
                url="nodes/ZUF-59-51-004 Diameter Sy接口.html">
                <node id="2464" name="特性描述" icon="book" bkmk="T_2017510842492" format="html" doctype="安装类"
                    url="ZUF-59-51-004 Diameter Sy接口\topics\1-特性描述.html" />
                <node id="2487" name="特性配置" icon="book" bkmk="T_20175108424915" format="html" doctype="安装类"
                    url="ZUF-59-51-004 Diameter Sy接口\topics\14-特性配置.html" />
            </node>
            <node id="2496" name="ZUF-59-41-052 Nnrf接口" icon="book" doctype="安装类" format="html"
                url="nodes/ZUF-59-41-052 Nnrf接口.html">
                <node id="2497" name="特性描述" icon="book" bkmk="topic1" format="html" doctype="安装类"
                    url="ZUF-59-41-052 Nnrf接口\topics\特性描述.html" />
                <node id="2515" name="特性配置" icon="book" bkmk="topic1" format="html" doctype="安装类"
                    url="ZUF-59-41-052 Nnrf接口\topics\特性配置.html" />
            </node>
            <node id="2522" name="ZUF-59-41-002 Diameter Sp和Sp'接口" icon="book" doctype="安装类" format="html"
                url="nodes/ZUF-59-41-002 Diameter Sp和Sp'接口.html">
                <node id="2523" name="特性描述" icon="book" bkmk="zb81da4f88e16440a8fbc929fd1407a6b" format="html"
                    doctype="安装类" url="ZUF-59-41-002 Diameter Sp和Sp'接口\topics\1650354407872.html" />
                <node id="2542" name="特性配置" icon="book" bkmk="zaa02a0acd56540e782274b186fe2538f" format="html"
                    doctype="安装类" url="ZUF-59-41-002 Diameter Sp和Sp'接口\topics\1650416956897.html" />
            </node>
            <node id="2548" name="ZUF-59-51-040 策略日志" icon="book" doctype="安装类" format="html"
                url="nodes/ZUF-59-51-040 策略日志.html">
                <node id="2549" name="特性描述" icon="book" bkmk="topic1" format="html" doctype="安装类"
                    url="ZUF-59-51-040 策略日志\topics\特性描述.html" />
                <node id="2566" name="特性配置" icon="book" bkmk="topic1" format="html" doctype="安装类"
                    url="ZUF-59-51-040 策略日志\topics\特性配置.html" />
            </node>
            <node id="2578" name="ZUF-59-51-051 N15接口" icon="book" doctype="安装类" format="html"
                url="nodes/ZUF-59-51-051 N15接口.html">
                <node id="2579" name="特性描述" icon="book" bkmk="z27c6ade19bbe4b079ea86ce630157b7a" format="html"
                    doctype="安装类" url="ZUF-59-51-051 N15接口\topics\1569726753347.html" />
                <node id="2589" name="特性配置" icon="book" bkmk="z02c23c29bd0f49a798e31233664fbe51" format="html"
                    doctype="安装类" url="ZUF-59-51-051 N15接口\topics\1622709674873.html" />
            </node>
            <node id="2590" name="ZUF-59-51-052 N5接口" icon="book" doctype="安装类" format="html"
                url="nodes/ZUF-59-51-052 N5接口.html">
                <node id="2591" name="特性描述" icon="book" bkmk="T_2017510842492" format="html" doctype="安装类"
                    url="ZUF-59-51-052 N5接口\topics\1-特性描述.html" />
                <node id="2609" name="特性配置" icon="book" bkmk="T_20175108424915" format="html" doctype="安装类"
                    url="ZUF-59-51-052 N5接口\topics\14-特性配置.html" />
            </node>
            <node id="2616" name="ZUF-59-51-053 N28接口" icon="book" doctype="安装类" format="html"
                url="nodes/ZUF-59-51-053 N28接口.html">
                <node id="2617" name="特性描述" icon="book" bkmk="T_2017510842492" format="html" doctype="安装类"
                    url="ZUF-59-51-053 N28接口\topics\1-特性描述.html" />
                <node id="2635" name="特性配置" icon="book" bkmk="T_20175108424915" format="html" doctype="安装类"
                    url="ZUF-59-51-053 N28接口\topics\14-特性配置.html" />
            </node>
            <node id="2647" name="ZUF-59-51-054 N23接口" icon="book" doctype="安装类" format="html"
                url="nodes/ZUF-59-51-054 N23接口.html">
                <node id="2648" name="特性描述" icon="book" bkmk="T_2017510842492" format="html" doctype="安装类"
                    url="ZUF-59-51-054 N23接口\topics\1-特性描述.html" />
                <node id="2674" name="特性配置" icon="book" bkmk="T_20175108424915" format="html" doctype="安装类"
                    url="ZUF-59-51-054 N23接口\topics\14-特性配置.html" />
            </node>
            <node id="2681" name="ZUF-59-51-056 Nbsf接口" icon="book" doctype="安装类" format="html"
                url="nodes/ZUF-59-51-056 Nbsf接口.html">
                <node id="2682" name="特性描述" icon="book" bkmk="zeaf06b782d184c458d1d9cdc8f9d044b" format="html"
                    doctype="安装类" url="ZUF-59-51-056 Nbsf接口\topics\1627268759233.html" />
                <node id="2700" name="特性配置" icon="book" bkmk="z06efccb0ec964ed8aaad399b3660ae1c" format="html"
                    doctype="安装类" url="ZUF-59-51-056 Nbsf接口\topics\1625452840067.html" />
            </node>
        </node>
        <node id="2712" name="策略条件类特性" icon="book" doctype="安装类" format="html" url="nodes/策略条件类特性.html">
            <node id="2713" name="ZUF-59-42-001 基于默认签约的策略" icon="book" doctype="安装类" format="html"
                url="nodes/ZUF-59-42-001 基于默认签约的策略.html">
                <node id="2714" name="特性描述" icon="book" bkmk="T_2017510842492" format="html" doctype="安装类"
                    url="ZUF-59-42-001 基于默认签约的策略\topics\1-特性描述.html" />
                <node id="2736" name="特性配置" icon="book" bkmk="z738cc8c36c1242258a219a366b110d46" format="html"
                    doctype="安装类" url="ZUF-59-42-001 基于默认签约的策略\topics\1665216606044.html" />
            </node>
            <node id="2746" name="ZUF-59-42-002 基于SPR签约的策略" icon="book" doctype="安装类" format="html"
                url="nodes/ZUF-59-42-002 基于SPR签约的策略.html">
                <node id="2747" name="特性描述" icon="book" bkmk="T_2017510842492" format="html" doctype="安装类"
                    url="ZUF-59-42-002 基于SPR签约的策略\topics\1-特性描述.html" />
                <node id="2769" name="特性配置" icon="book" bkmk="T_20175108424915" format="html" doctype="安装类"
                    url="ZUF-59-42-002 基于SPR签约的策略\topics\14-特性配置.html" />
            </node>
            <node id="2778" name="ZUF-59-42-005 基于漫游的策略控制" icon="book" doctype="安装类" format="html"
                url="nodes/ZUF-59-42-005 基于漫游的策略控制.html">
                <node id="2779" name="特性描述" icon="book" bkmk="T_2017510842492" format="html" doctype="安装类"
                    url="ZUF-59-42-005 基于漫游的策略控制\topics\1-特性描述.html" />
                <node id="2800" name="特性配置" icon="book" bkmk="T_20175108424915" format="html" doctype="安装类"
                    url="ZUF-59-42-005 基于漫游的策略控制\topics\14-特性配置.html" />
            </node>
            <node id="2810" name="ZUF-59-52-001 基于时段的策略" icon="book" doctype="安装类" format="html"
                url="nodes/ZUF-59-52-001 基于时段的策略.html">
                <node id="2811" name="特性描述" icon="book" bkmk="z3b7826781d1c4a8fbb24d2833d8bcf8f" format="html"
                    doctype="安装类" url="ZUF-59-52-001 基于时段的策略\topics\1668762071433.html" />
                <node id="2831" name="特性配置" icon="book" bkmk="zb7876a4b50674da093740aa725e19287" format="html"
                    doctype="安装类" url="ZUF-59-52-001 基于时段的策略\topics\1669114308772.html" />
            </node>
            <node id="2840" name="ZUF-59-53-008 基于PRA的策略控制" icon="book" doctype="安装类" format="html"
                url="nodes/ZUF-59-53-008 基于PRA的策略控制.html">
                <node id="2841" name="特性描述" icon="book" bkmk="T_2017510842492" format="html" doctype="安装类"
                    url="ZUF-59-53-008 基于PRA的策略控制\topics\1-特性描述.html" />
                <node id="2862" name="特性配置" icon="book" bkmk="T_20175108424915" format="html" doctype="安装类"
                    url="ZUF-59-53-008 基于PRA的策略控制\topics\14-特性配置.html" />
            </node>
        </node>
        <node id="2870" name="策略动作类特性" icon="book" doctype="安装类" format="html" url="nodes/策略动作类特性.html">
            <node id="2871" name="ZUF-59-53-004 业务重定向控制" icon="book" doctype="安装类" format="html"
                url="nodes/ZUF-59-53-004 业务重定向控制.html">
                <node id="2872" name="特性描述" icon="book" bkmk="T_2017510842492" format="html" doctype="安装类"
                    url="ZUF-59-53-004 业务重定向控制\topics\1-特性描述.html" />
                <node id="2897" name="特性配置" icon="book" bkmk="T_20175108424915" format="html" doctype="安装类"
                    url="ZUF-59-53-004 业务重定向控制\topics\14-特性配置.html" />
            </node>
            <node id="2906" name="ZUF-59-53-051 接入和移动性策略控制" icon="book" doctype="安装类" format="html"
                url="nodes/ZUF-59-53-051 接入和移动性策略控制.html">
                <node id="2907" name="特性描述" icon="book" bkmk="T_2017510842492" format="html" doctype="安装类"
                    url="ZUF-59-53-051 接入和移动性策略控制\topics\ZUF-90-06-002-1-特性描述.html" />
                <node id="2925" name="特性配置" icon="book" bkmk="T_20175108424915" format="html" doctype="安装类"
                    url="ZUF-59-53-051 接入和移动性策略控制\topics\ZUF-90-06-002-14-特性配置.html" />
            </node>
            <node id="2934" name="ZUF-59-53-052 PDU会话策略控制" icon="book" doctype="安装类" format="html"
                url="nodes/ZUF-59-53-052 PDU会话策略控制.html">
                <node id="2935" name="特性描述" icon="book" bkmk="T_2017510842492" format="html" doctype="安装类"
                    url="ZUF-59-53-052 PDU会话策略控制\topics\ZUF-90-06-001-1-特性描述.html" />
                <node id="2952" name="特性配置" icon="book" bkmk="T_20175108424915" format="html" doctype="安装类"
                    url="ZUF-59-53-052 PDU会话策略控制\topics\ZUF-90-06-001-14-特性配置.html" />
            </node>
            <node id="2963" name="ZUF-59-53-053 URSP策略控制" icon="book" doctype="安装类" format="html"
                url="nodes/ZUF-59-53-053 URSP策略控制.html">
                <node id="2964" name="特性描述" icon="book" bkmk="topic1" format="html" doctype="安装类"
                    url="ZUF-59-53-053 URSP策略控制\topics\特性描述.html" />
                <node id="2982" name="特性配置" icon="book" bkmk="topic1" format="html" doctype="安装类"
                    url="ZUF-59-53-053 URSP策略控制\topics\特性配置.html" />
            </node>
        </node>
        <node id="2989" name="套餐业务类特性" icon="book" doctype="安装类" format="html" url="nodes/套餐业务类特性.html">
            <node id="2990" name="ZUF-59-55-011 CPE锁位置" icon="book" doctype="安装类" format="html"
                url="nodes/ZUF-59-55-011 CPE锁位置.html">
                <node id="2991" name="特性描述" icon="book" bkmk="T_2017510842492" format="html" doctype="安装类"
                    url="ZUF-59-55-011 CPE锁位置\topics\1-特性描述.html" />
                <node id="3011" name="特性配置" icon="book" bkmk="T_20175108424915" format="html" doctype="安装类"
                    url="ZUF-59-55-011 CPE锁位置\topics\14-特性配置.html" />
            </node>
            <node id="3017" name="ZUF-59-55-051 VoNR" icon="book" doctype="安装类" format="html"
                url="nodes/ZUF-59-55-051 VoNR.html">
                <node id="3018" name="特性描述" icon="book" bkmk="T_2017510842492" format="html" doctype="安装类"
                    url="ZUF-59-55-051 VoNR\topics\ZUF-90-06-002-1-特性描述.html" />
                <node id="3040" name="特性配置" icon="book" bkmk="T_20175108424915" format="html" doctype="安装类"
                    url="ZUF-59-55-051 VoNR\topics\ZUF-90-06-002-14-特性配置.html" />
            </node>
            <node id="3048" name="ZUF-59-55-052 AF影响业务路由" icon="book" doctype="安装类" format="html"
                url="nodes/ZUF-59-55-052 AF影响业务路由.html">
                <node id="3049" name="特性描述" icon="book" bkmk="T_2017510842492" format="html" doctype="安装类"
                    url="ZUF-59-55-052 AF影响业务路由\topics\1-特性描述.html" />
                <node id="3066" name="特性配置" icon="book" bkmk="T_20175108424915" format="html" doctype="安装类"
                    url="ZUF-59-55-052 AF影响业务路由\topics\14-特性配置.html" />
            </node>
            <node id="3078" name="ZUF-59-55-053 UE无感分流策略控制" icon="book" doctype="安装类" format="html"
                url="nodes/ZUF-59-55-053 UE无感分流策略控制.html">
                <node id="3079" name="特性描述" icon="book" bkmk="z85d8c45774224d6fac8e723f2647e285" format="html"
                    doctype="安装类" url="ZUF-59-55-053 UE无感分流策略控制\topics\1675754831971.html" />
                <node id="3100" name="特性配置" icon="book" bkmk="z40bda8637fd748998019c149d9d99e6b" format="html"
                    doctype="安装类" url="ZUF-59-55-053 UE无感分流策略控制\topics\1673920877849.html" />
            </node>
        </node>
        <node id="3107" name="高可用类特性" icon="book" doctype="安装类" format="html" url="nodes/高可用类特性.html">
            <node id="3108" name="ZUF-59-56-002 地理容灾" icon="book" doctype="安装类" format="html"
                url="nodes/ZUF-59-56-002 地理容灾.html">
                <node id="3109" name="特性描述" icon="book" bkmk="T_2017510842492" format="html" doctype="安装类"
                    url="ZUF-59-56-002 地理容灾\topics\ZUF-90-06-002-1-特性描述.html" />
                <node id="3134" name="特性配置" icon="book" bkmk="zfeb31d8f4755462a958bd5378a3ac58e" format="html"
                    doctype="安装类" url="ZUF-59-56-002 地理容灾\topics\1622870309740.html" />
            </node>
        </node>
        <node id="3145" name="虚拟化特性" icon="book" doctype="安装类" format="html" url="nodes/虚拟化特性.html">
            <node id="3146" name="ZUF-59-58-002 VNF自动部署" icon="book" doctype="安装类" format="html"
                url="nodes/ZUF-59-58-002 VNF自动部署.html">
                <node id="3147" name="特性描述" icon="book" bkmk="T_2017510842492" format="html" doctype="安装类"
                    url="ZUF-59-58-002 VNF自动部署\topics\1-特性描述.html" />
                <node id="3164" name="特性配置" icon="book" bkmk="T_20175108424915" format="html" doctype="安装类"
                    url="ZUF-59-58-002 VNF自动部署\topics\14-特性配置.html" />
            </node>
            <node id="3169" name="ZUF-59-58-004 VNF自动弹性" icon="book" doctype="安装类" format="html"
                url="nodes/ZUF-59-58-004 VNF自动弹性.html">
                <node id="3170" name="特性描述" icon="book" bkmk="T_2017510842492" format="html" doctype="安装类"
                    url="ZUF-59-58-004 VNF自动弹性\topics\1-特性描述.html" />
                <node id="3187" name="特性配置" icon="book" bkmk="T_20175108424915" format="html" doctype="安装类"
                    url="ZUF-59-58-004 VNF自动弹性\topics\14-特性配置.html" />
            </node>
            <node id="3194" name="ZUF-59-58-005 VNF虚机自愈" icon="book" doctype="安装类" format="html"
                url="nodes/ZUF-59-58-005 VNF虚机自愈.html">
                <node id="3195" name="特性描述" icon="book" bkmk="T_2017510842492" format="html" doctype="安装类"
                    url="ZUF-59-58-005 VNF虚机自愈\topics\1-特性描述.html" />
                <node id="3212" name="特性配置" icon="book" bkmk="T_20175108424915" format="html" doctype="安装类"
                    url="ZUF-59-58-005 VNF虚机自愈\topics\14-特性配置.html" />
            </node>
            <node id="3219" name="ZUF-59-58-043 VNF手工弹性" icon="book" doctype="安装类" format="html"
                url="nodes/ZUF-59-58-043 VNF手工弹性.html">
                <node id="3220" name="特性描述" icon="book" bkmk="T_2017510842492" format="html" doctype="安装类"
                    url="ZUF-59-58-043 VNF手工弹性\topics\1-特性描述.html" />
                <node id="3237" name="特性配置" icon="book" bkmk="T_20175108424915" format="html" doctype="安装类"
                    url="ZUF-59-58-043 VNF手工弹性\topics\14-特性配置.html" />
            </node>
            <node id="3249" name="ZUF-59-58-044 VNF虚机管理" icon="book" doctype="安装类" format="html"
                url="nodes/ZUF-59-58-044 VNF虚机管理.html">
                <node id="3250" name="特性描述" icon="book" bkmk="T_2017510842492" format="html" doctype="安装类"
                    url="ZUF-59-58-044 VNF虚机管理\topics\1-特性描述.html" />
                <node id="3267" name="特性配置" icon="book" bkmk="T_20175108424915" format="html" doctype="安装类"
                    url="ZUF-59-58-044 VNF虚机管理\topics\14-特性配置.html" />
            </node>
        </node>
        <node id="3274" name="操作维护类" icon="book" doctype="安装类" format="html" url="nodes/操作维护类.html">
            <node id="3275" name="ZUF-59-57-002 分权分域" icon="book" doctype="安装类" format="html"
                url="nodes/ZUF-59-57-002 分权分域.html">
                <node id="3276" name="特性描述" icon="book" bkmk="T_2017510842492" format="html" doctype="安装类"
                    url="ZUF-59-57-002 分权分域\topics\1-特性描述.html" />
                <node id="3289" name="特性配置" icon="book" bkmk="T_20175108424915" format="html" doctype="安装类"
                    url="ZUF-59-57-002 分权分域\topics\14-特性配置.html" />
            </node>
        </node>
        <node id="3296" name="License描述" icon="book" doctype="安装类" format="html" url="nodes/License描述.html">
            <node id="3297" name="License概念" icon="book" format="html" doctype="安装类"
                url="License描述\topics\1626764959225.html" />
            <node id="3298" name="License控制项" icon="book" format="html" doctype="安装类"
                url="License描述\topics\1626667527383.html" />
            <node id="3299" name="License相关信息" icon="book" format="html" doctype="安装类"
                url="License描述\topics\1626769258141.html" />
        </node>
    </node>
</nodes>
